Rk,Player,badcol,Pos,Age,Tm,G,GS,MP,FG,FGA,FG%,3P,3PA,3P%,2P,2PA,2P%,FT,FTA,FT%,ORB,DRB,TRB,AST,STL,BLK,TOV,PF,PTS
1,Alex Abrines,abrinal01,SG,25,OKC,31,2,588,3.4,9.6,0.357,2.5,7.8,0.323,0.9,1.8,0.5,0.7,0.8,0.923,0.3,2.6,2.9,1.2,1,0.4,0.9,3.2,10.1
2,Quincy Acy,acyqu01,PF,28,PHO,10,0,123,1.2,5.3,0.222,0.6,4.4,0.133,0.6,0.9,0.667,2,2.9,0.7,0.9,6.4,7.3,2.3,0.3,1.2,1.2,7,5
3,Jaylen Adams,adamsja01,PG,22,ATL,34,1,428,3.2,9.3,0.345,2.1,6.2,0.338,1.1,3,0.361,0.6,0.8,0.778,0.9,4.1,5,5.5,1.2,0.4,2.4,3.8,9.1
4,Steven Adams,adamsst01,C,25,OKC,80,80,2669,6.5,10.9,0.595,0,0,0,6.5,10.9,0.596,2,3.9,0.5,5.3,5,10.3,1.7,1.6,1,1.8,2.8,14.9
5,Bam Adebayo,adebaba01,C,21,MIA,82,28,1913,5.3,9.1,0.576,0.1,0.3,0.2,5.2,8.9,0.588,3.1,4.3,0.735,3.1,8.1,11.2,3.5,1.3,1.2,2.3,3.8,13.7
6,Deng Adel,adelde01,SF,21,CLE,19,3,194,2,6.7,0.306,1.1,4.3,0.261,0.9,2.4,0.385,0.7,0.7,1,0.6,3,3.5,0.9,0.2,0.7,1.1,2.4,5.9
7,DeVaughn Akoon-Purcell,akoonde01,SG,25,DEN,7,0,22,4.9,16.4,0.3,0,6.5,0,4.9,9.8,0.5,1.6,3.3,0.5,1.6,4.9,6.5,9.8,3.3,0,3.3,6.5,11.5
8,LaMarcus Aldridge,aldrila01,C,33,SAS,81,81,2687,9.2,17.7,0.519,0.1,0.6,0.238,9,17.1,0.528,4.7,5.5,0.847,3.4,6.6,10,2.6,0.6,1.4,1.9,2.4,23.1
9,Rawle Alkins,alkinra01,SG,21,CHI,10,1,120,3.9,11.7,0.333,0.9,3.6,0.25,3,8.1,0.37,2.4,3.6,0.667,3.3,4.5,7.8,3.9,0.3,0,2.4,2.1,11.1
10,Grayson Allen,allengr01,SG,23,UTA,38,2,416,5.8,15.4,0.376,2.8,8.6,0.323,3,6.8,0.443,3.9,5.2,0.75,0.3,1.7,2,2.2,0.5,0.5,2.9,4.1,18.3
11,Jarrett Allen,allenja01,C,20,BRK,80,80,2096,5.8,9.8,0.59,0.1,0.8,0.133,5.7,9,0.629,3.4,4.8,0.709,3.3,8.3,11.5,1.9,0.7,2.1,1.8,3.2,15
12,Kadeem Allen,allenka01,SG,26,NYK,19,1,416,5.6,12.2,0.461,1.5,3.1,0.472,4.2,9.1,0.457,3.6,4.7,0.778,0.7,3.7,4.4,6.6,1.4,0.3,2.3,4,16.4
13,Al-Farouq Aminu,aminual01,PF,28,POR,81,81,2292,4,9.3,0.433,1.5,4.4,0.343,2.5,4.9,0.514,2.4,2.7,0.867,1.8,7.8,9.6,1.6,1.1,0.5,1.1,2.2,11.9
14,Justin Anderson,anderju01,SF,25,ATL,48,4,463,5,12.2,0.408,1.9,6,0.312,3.1,6.2,0.5,2,2.7,0.743,1.9,4.7,6.5,1.8,1.7,1,1.8,3.7,13.8
15,Kyle Anderson,anderky01,SF,25,MEM,43,40,1281,4.2,7.8,0.543,0.3,1,0.265,4,6.8,0.583,1,1.8,0.578,1.3,5.7,7.1,3.6,1.5,1,1.6,3.1,9.7
16,Ryan Anderson,anderry01,PF,30,TOT,25,8,322,2.3,7.7,0.304,1,4.5,0.225,1.3,3.2,0.414,1.3,1.8,0.75,2,4,6,2.1,0.4,0.1,1.6,2.8,7
17,Ike Anigbogu,anigbik01,C,20,IND,3,0,6,0,18,0,0,0,,0,18,0,0,0,,6,12,18,6,0,6,6,0,0
18,Giannis Antetokounmpo,antetgi01,PF,24,MIL,72,72,2358,11,19,0.578,0.8,3.1,0.256,10.2,15.9,0.641,7.6,10.5,0.729,2.4,11.3,13.7,6.5,1.4,1.7,4.1,3.5,30.4
19,Kostas Antetokounmpo,antetko01,PF,21,DAL,2,0,11,0,9.8,0,0,0,,0,9.8,0,6.5,13.1,0.5,0,3.3,3.3,0,6.5,0,3.3,0,6.5
20,Carmelo Anthony,anthoca01,PF,34,HOU,10,2,294,6,14.8,0.405,2.6,7.8,0.328,3.4,7,0.491,1.8,2.7,0.682,1.1,5.5,6.6,0.6,0.5,0.9,1,3.9,16.4
21,OG Anunoby,anunoog01,SF,21,TOR,67,6,1352,4.9,10.8,0.453,1.8,5.4,0.332,3.1,5.4,0.574,1,1.7,0.581,1.5,3.7,5.2,1.3,1.2,0.6,1.5,3.7,12.5
22,Ryan Arcidiacono,arcidry01,PG,24,CHI,81,32,1961,3.4,7.7,0.447,1.5,4,0.373,1.9,3.7,0.527,1.6,1.9,0.873,0.5,3.5,4,4.9,1.2,0.1,1.2,3.1,10
23,Trevor Ariza,arizatr01,SF,33,TOT,69,69,2349,4.5,11.3,0.399,2.2,6.7,0.334,2.3,4.6,0.493,2,2.5,0.793,0.8,4.9,5.7,3.9,1.4,0.3,1.6,2,13.2
24,D.J. Augustin,augusdj01,PG,31,ORL,81,81,2269,5,10.7,0.47,2.1,4.9,0.421,3,5.8,0.511,2.9,3.3,0.866,0.7,2.6,3.2,6.8,0.8,0.1,2,1.8,15
25,Deandre Ayton,aytonde01,C,20,PHO,71,70,2183,8.4,14.3,0.585,0,0.1,0,8.4,14.3,0.588,2.3,3.1,0.746,3.7,8.3,12,2.1,1,1.1,2.1,3.4,19.1
26,Dwayne Bacon,bacondw01,SG,23,CHO,43,13,759,5.8,12.2,0.475,1.8,4.1,0.437,4,8.1,0.494,1.6,2.2,0.739,0.4,3.8,4.2,2.2,0.6,0.2,0.9,3.4,15
27,Marvin Bagley III,baglema01,PF,19,SAC,62,4,1567,8.2,16.2,0.504,0.7,2.2,0.313,7.5,14,0.534,4.2,6,0.691,3.7,7.1,10.8,1.4,0.8,1.4,2.3,2.8,21.2
28,Ron Baker,bakerro01,SG,25,TOT,15,0,152,0.9,4.7,0.2,0.2,3.1,0.077,0.7,1.7,0.429,1.2,1.4,0.833,0.2,2.4,2.6,3.6,1.4,0.2,1.2,4.3,3.3
29,Wade Baldwin,baldwwa01,PG,22,POR,16,0,94,3.8,12.6,0.303,0.8,3.4,0.222,3.1,9.2,0.333,3.1,4.2,0.727,0.8,5,5.7,4.6,0.4,0.8,5.4,4.2,11.5
30,Lonzo Ball,balllo01,PG,21,LAL,47,45,1423,4.7,11.5,0.406,1.9,5.8,0.329,2.8,5.8,0.482,0.5,1.2,0.417,1.4,5,6.3,6.5,1.7,0.5,2.6,2.9,11.8
31,Mo Bamba,bambamo01,C,20,ORL,47,1,766,5.5,11.4,0.481,1,3.3,0.3,4.5,8.1,0.555,1.7,3,0.587,3,7.9,11,1.8,0.6,3,2,4.8,13.7
32,J.J. Barea,bareajo01,PG,34,DAL,38,0,752,7.7,18.4,0.418,1.8,6.1,0.297,5.9,12.3,0.479,2.6,3.7,0.705,0.6,3.9,4.5,10.1,1.1,0,3.4,2.4,19.9
33,Harrison Barnes,barneha02,PF-SF,26,TOT,77,77,2533,6.1,14.6,0.42,2.5,6.3,0.395,3.7,8.3,0.439,3.3,4,0.824,0.8,4.3,5.1,1.6,0.7,0.2,1.4,1.7,18
34,Will Barton,bartowi01,SF,28,DEN,43,38,1189,5.6,13.9,0.402,2,5.9,0.342,3.6,8,0.447,1.7,2.2,0.77,1,5.1,6,3.8,0.5,0.7,2,2.5,15
35,Keita Bates-Diop,bateske01,SF,23,MIN,30,3,503,4.3,10.2,0.423,0.9,3.7,0.25,3.4,6.4,0.522,1.3,2,0.643,1.1,4.8,5.9,1.2,1.3,1,1,2.1,10.8
36,Nicolas Batum,batumni01,SF,30,CHO,75,72,2354,3.9,8.6,0.45,1.8,4.6,0.389,2.1,4,0.519,1.2,1.4,0.865,1.1,4.9,6,3.8,1.1,0.7,1.8,2.1,10.7
37,Jerryd Bayless,bayleje01,PG,30,MIN,34,6,657,4.5,12.6,0.357,1.6,5.4,0.296,2.9,7.2,0.402,0.9,1.5,0.571,0.6,2.8,3.4,6.5,1,0.1,1.8,3.1,11.5
38,Aron Baynes,baynear01,C,32,BOS,51,18,821,4.6,9.8,0.471,0.9,2.7,0.344,3.7,7.1,0.519,2.3,2.7,0.855,3.9,6.7,10.5,2.5,0.5,1.5,1.8,5.5,12.5
39,Kent Bazemore,bazemke01,SG,29,ATL,67,35,1643,6.1,15.1,0.402,2.1,6.6,0.32,4,8.6,0.465,2.8,3.8,0.726,0.8,4.9,5.7,3.3,2,0.9,2.7,3.7,17.1
40,Bradley Beal,bealbr01,SG,25,WAS,82,82,3028,9.1,19.1,0.475,2.5,7.1,0.351,6.6,12,0.548,4.3,5.3,0.808,1.1,3.8,4.9,5.3,1.4,0.7,2.7,2.7,25
41,Malik Beasley,beaslma01,SG,22,DEN,81,18,1879,6.7,14.1,0.474,3.1,7.8,0.402,3.6,6.4,0.56,1.1,1.3,0.848,0.7,3.2,3.8,1.9,1.1,0.2,1.1,2.2,17.6
42,Michael Beasley,beaslmi01,PF,30,LAL,26,2,277,9.7,19.9,0.49,0.4,2.2,0.176,9.4,17.7,0.529,3.6,5.1,0.718,1.7,6.1,7.8,3.2,1.2,1.3,3.5,5.5,23.5
43,Marco Belinelli,belinma01,SG,32,SAS,79,1,1815,5.7,13.7,0.413,2.9,7.8,0.372,2.7,5.9,0.468,2.2,2.5,0.903,0.3,3.6,3.9,2.6,0.7,0.2,1.4,2.4,16.4
44,Jordan Bell,belljo01,C,24,GSW,68,3,788,4.5,8.8,0.516,0,0.1,0,4.5,8.7,0.521,1.1,1.9,0.61,2.5,5.9,8.4,3.5,0.9,2.3,1.9,3.7,10.2
45,DeAndre' Bembry,bembrde01,SG,24,ATL,82,15,1931,5.1,11.5,0.446,0.9,3.2,0.289,4.2,8.3,0.508,1.6,2.5,0.64,1,5.7,6.7,3.8,2,0.8,2.6,3.5,12.8
46,Dragan Bender,bendedr01,PF,21,PHO,46,27,826,3.8,8.6,0.447,1,4.4,0.218,2.9,4.2,0.688,1.4,2.4,0.593,1.5,6.5,8,2.4,0.8,1,1.6,3.9,10
47,Dairis Bert?ns,bertada02,SG,29,NOP,12,0,167,2.6,10.1,0.255,2.2,7.3,0.294,0.4,2.8,0.154,0,0,,0.4,1.5,1.9,2.2,0.2,0,0.4,1.5,7.3
48,D?vis Bert?ns,bertada01,PF,26,SAS,76,12,1632,4.5,10,0.45,3.2,7.5,0.429,1.3,2.5,0.513,1.2,1.3,0.883,0.5,5.3,5.8,2.2,0.8,0.7,0.9,2.9,13.4
49,Patrick Beverley,beverpa01,PG,30,LAC,78,49,2137,3.3,8,0.407,1.9,4.8,0.397,1.4,3.3,0.421,1.6,2.1,0.78,1.3,5.3,6.5,5.1,1.1,0.7,1.4,4.5,10
50,Khem Birch,birchkh01,C,26,ORL,50,1,643,5.1,8.5,0.603,0,0.1,0,5.1,8.4,0.607,3.2,4.6,0.699,4.4,6.2,10.6,2.1,1,1.6,1.1,4,13.4
51,Bismack Biyombo,biyombi01,C,26,CHO,54,32,783,4.1,7.2,0.571,0,0,,4.1,7.2,0.571,2.7,4.2,0.637,3.7,7.6,11.4,1.5,0.5,1.9,1.6,4.7,10.9
52,Nemanja Bjelica,bjeline01,PF,30,SAC,77,70,1788,5.7,11.9,0.479,2.1,5.2,0.401,3.6,6.8,0.539,1.4,1.9,0.761,2.5,6.4,8.9,3,1.1,1.1,1.7,4,14.9
53,Antonio Blakeney,blakean01,SG,22,CHI,57,3,829,7.2,17.2,0.419,1.6,4,0.396,5.6,13.2,0.426,2.2,3.3,0.658,0.3,4.3,4.6,1.8,0.5,0.4,1.5,1.8,18.2
54,Eric Bledsoe,bledser01,PG,29,MIL,78,78,2272,7.4,15.4,0.484,2,6,0.329,5.5,9.4,0.582,2.8,3.7,0.75,1.3,4.4,5.7,6.8,1.8,0.5,2.6,2.5,19.7
55,Jaron Blossomgame,blossja01,SF,25,CLE,27,4,439,3.9,8.7,0.443,0.8,3.2,0.256,3,5.5,0.552,0.8,1.1,0.769,2.1,5.9,8,1.1,0.6,0.7,0.9,1.6,9.3
56,Bogdan Bogdanovi?,bogdabo01,SG,26,SAC,70,17,1947,6.7,16,0.418,2.5,6.9,0.36,4.2,9.1,0.462,2.5,3,0.827,0.7,3.8,4.5,4.9,1.3,0.3,2.2,2.6,18.3
57,Bojan Bogdanovi?,bogdabo02,SF,29,IND,81,81,2573,7.3,14.7,0.497,2.3,5.4,0.425,5,9.3,0.538,3.4,4.3,0.807,0.5,4.2,4.7,2.3,1,0,1.9,1.9,20.3
58,Andrew Bogut,bogutan01,C,34,GSW,11,5,134,4.8,9.7,0.5,0,0,,4.8,9.7,0.5,0.8,0.8,1,3.2,11.6,14.8,3,0.8,2.1,2.1,5.9,10.5
59,Jonah Bolden,boldejo01,PF,23,PHI,44,10,639,4.5,9.1,0.494,1.9,5.4,0.354,2.6,3.7,0.697,0.7,1.5,0.481,2.6,6.6,9.3,2.3,1,2.2,2,5.6,11.7
60,Isaac Bonga,bongais01,PG,19,LAL,22,0,120,1.5,9.9,0.152,0,2.4,0,1.5,7.5,0.2,2.7,4.5,0.6,2.7,4.8,7.5,4.5,2.7,1.2,1.8,2.7,5.7
61,Devin Booker,bookede01,SG,22,PHO,64,64,2242,9.4,20.2,0.467,2.2,6.6,0.326,7.2,13.5,0.536,6.3,7.3,0.866,0.6,3.6,4.3,7,0.9,0.2,4.2,3.2,27.3
62,Chris Boucher,bouchch01,PF,26,TOR,28,0,163,7.5,16.8,0.447,2.7,8.2,0.324,4.9,8.6,0.564,2.9,3.3,0.867,3.5,8.8,12.4,0.4,1.3,5.3,1.5,6.8,20.5
63,Avery Bradley,bradlav01,SG,28,TOT,63,63,1905,4.7,11.5,0.408,1.6,4.6,0.351,3.1,6.9,0.446,0.8,0.9,0.86,0.8,2.5,3.3,2.9,0.8,0.3,1.7,3.2,11.8
64,Tony Bradley,bradlto01,C,21,UTA,3,0,36,8,16,0.5,0,0,,8,16,0.5,1,2,0.5,9,6,15,1,2,2,3,6,17
65,Corey Brewer,breweco01,SF,32,TOT,31,3,492,3.9,9,0.431,1,3.2,0.318,2.9,5.8,0.494,2.3,3.1,0.721,1.9,3.7,5.6,2.9,2.3,0.5,1.4,4.6,11
66,Mikal Bridges,bridgmi01,SF,22,PHO,82,56,2417,3.6,8.4,0.43,1.6,4.7,0.335,2,3.7,0.548,1.4,1.8,0.805,0.8,3.1,3.9,2.6,1.9,0.6,1,3,10.2
67,Miles Bridges,bridgmi02,SF,20,CHO,80,25,1696,5,10.8,0.464,1.4,4.2,0.325,3.7,6.6,0.553,1.2,1.6,0.753,1.4,5.4,6.9,2,1.2,1,1.1,2.4,12.7
68,Isaiah Briscoe,briscis01,PG,22,ORL,39,0,559,3.5,8.9,0.399,0.7,2.2,0.324,2.8,6.7,0.423,1,1.7,0.577,0.3,4.4,4.8,5.6,0.7,0.1,2,4.3,8.8
69,Ryan Broekhoff,broekry01,SG,28,DAL,42,0,453,4.5,10,0.452,3,7.4,0.409,1.5,2.6,0.576,1.2,1.5,0.789,0.6,4.4,5,1.7,0.5,0.3,1.3,2.8,13.3
70,Malcolm Brogdon,brogdma01,SG,26,MIL,64,64,1832,7.4,14.7,0.505,2,4.8,0.426,5.4,9.9,0.544,2.8,3,0.928,1.3,4.4,5.7,4,0.9,0.3,1.8,2,19.7
71,Dillon Brooks,brookdi01,SF,23,MEM,18,0,330,5.3,13.3,0.402,1.6,4.4,0.375,3.7,8.9,0.415,2.4,3.3,0.733,1,2.4,3.4,1.7,1.1,0.4,2.1,5.5,14.7
72,MarShon Brooks,brookma01,SG,30,MEM,29,0,387,7.1,15.7,0.45,1.4,5,0.278,5.7,10.7,0.53,2.1,3.1,0.697,1.1,3.1,4.2,2.3,0.8,0.4,2,3.1,17.7
73,Bruce Brown,brownbr01,SG,22,DET,74,56,1449,3.1,7.8,0.398,0.6,2.3,0.258,2.5,5.5,0.457,1.1,1.5,0.75,1.2,3.4,4.6,2.3,1,0.9,1.1,4.4,7.9
74,Jaylen Brown,brownja02,SG,22,BOS,74,25,1913,6.9,14.9,0.465,1.8,5.2,0.344,5.1,9.7,0.529,2.5,3.8,0.658,1.2,4.7,5.9,1.9,1.3,0.6,1.9,3.5,18.1
75,Lorenzo Brown,brownlo01,PG,28,TOR,26,0,212,3.9,12.1,0.324,1,4.8,0.214,2.9,7.3,0.395,0.5,0.5,1,0.8,4.4,5.3,4.8,2,0.8,2.7,3.7,9.3
76,Sterling Brown,brownst02,SG,23,MIL,58,7,1034,5,10.9,0.465,1.8,5.1,0.361,3.2,5.7,0.558,1,1.5,0.69,1,5.4,6.4,2.9,0.9,0.3,1.6,3.1,13
77,Troy Brown Jr.,browntr01,SF,19,WAS,52,10,730,4.8,11.5,0.415,1.1,3.4,0.319,3.7,8.1,0.455,1.6,2.3,0.681,1.7,5.4,7.2,3.9,1,0.2,1.5,2.8,12.2
78,Jalen Brunson,brunsja01,PG,22,DAL,73,38,1591,6,12.8,0.467,1.4,4.1,0.348,4.5,8.7,0.523,2,2.7,0.725,0.6,3.3,3.8,5.2,0.8,0.1,2,2.9,15.3
79,Thomas Bryant,bryanth01,C,21,WAS,72,53,1496,7.4,12.1,0.616,0.8,2.4,0.333,6.6,9.7,0.685,2.6,3.3,0.781,2.7,8.2,10.9,2.2,0.6,1.6,1.4,3,18.2
80,Reggie Bullock,bullore01,SG,27,TOT,63,60,1879,4.7,11.4,0.412,2.8,7.5,0.377,1.9,3.9,0.483,1.4,1.6,0.859,0.4,2.9,3.3,2.5,0.8,0.2,1.2,2.1,13.6
81,Trey Burke,burketr01,PG,26,TOT,58,8,1125,7.6,17.5,0.431,1.8,5.1,0.352,5.8,12.4,0.463,3.3,4,0.831,0.9,2.3,3.2,5.1,1.1,0.2,1.6,1.9,20.2
82,Alec Burks,burksal01,SG,27,TOT,64,24,1375,5,12.4,0.405,1.6,4.4,0.363,3.4,8,0.428,3,3.7,0.823,0.8,5.4,6.2,3.4,1,0.5,1.7,2.4,14.7
83,Deonte Burton,burtode02,SG,25,OKC,32,0,240,5,12.3,0.402,1.2,4.1,0.296,3.7,8.2,0.455,1.2,1.8,0.667,0.6,3.6,4.2,1.4,0.9,1.2,1.4,4.6,12.3
84,Jimmy Butler,butleji01,SF-SG,29,TOT,65,65,2185,6.9,14.9,0.462,1.1,3.2,0.347,5.8,11.7,0.494,5.1,6,0.855,2,3.6,5.6,4.3,2,0.6,1.6,1.8,20
85,Bruno Caboclo,cabocbr01,SF,23,MEM,34,19,800,4.3,10.1,0.427,2.2,5.9,0.369,2.2,4.3,0.505,1.9,2.3,0.84,1.9,5.2,7.1,2.3,0.6,1.5,1.7,3.6,12.7
86,José Calderón,caldejo01,PG,37,DET,49,0,632,2.6,6.8,0.375,0.8,3.2,0.246,1.8,3.6,0.492,0.5,0.6,0.818,0.6,2.8,3.4,6.6,0.9,0.2,2,3.6,6.4
87,Kentavious Caldwell-Pope,caldwke01,SG,25,LAL,82,23,2035,5.7,13.4,0.43,2.7,7.7,0.347,3.1,5.7,0.542,2.4,2.8,0.867,0.8,3.4,4.2,1.9,1.3,0.2,1.1,2.4,16.6
88,Isaiah Canaan,canaais01,PG,27,TOT,30,16,629,3.7,9.4,0.39,1.9,5.5,0.354,1.7,3.9,0.441,1.1,1.4,0.792,0.3,3,3.3,4.8,0.8,0.1,2,3,10.4
89,Clint Capela,capelca01,C,24,HOU,67,67,2249,7.6,11.7,0.648,0,0,,7.6,11.7,0.648,2.7,4.2,0.636,4.8,8.8,13.6,1.5,0.7,1.6,1.5,2.7,17.8
90,DeMarre Carroll,carrode01,PF,32,BRK,67,8,1703,4.8,12.2,0.395,2.2,6.6,0.342,2.6,5.6,0.457,3.9,5.1,0.76,1.4,5.9,7.4,1.8,0.7,0.2,1.5,2.4,15.7
91,Jevon Carter,carteje01,PG,23,MEM,39,3,577,3.5,11.5,0.303,2.1,6.4,0.333,1.4,5.2,0.265,1.6,2,0.813,0.9,3.2,4.1,4.3,1.6,0.7,2.1,3.4,10.7
92,Vince Carter,cartevi01,PF,42,ATL,76,9,1330,5.3,12.7,0.419,3.3,8.6,0.389,2,4.1,0.48,1.3,1.8,0.712,0.8,4.4,5.3,2.4,1.2,0.7,1.3,3.8,15.2
93,Wendell Carter Jr.,cartewe01,C,19,CHI,44,44,1110,5.8,12,0.485,0.2,1,0.188,5.6,11,0.513,2.9,3.6,0.795,2.8,7.1,10,2.5,0.8,1.9,2.1,4.9,14.8
94,Michael Carter-Williams,cartemi01,PG,27,TOT,28,1,372,4.5,11.9,0.374,1,3.7,0.263,3.5,8.2,0.424,3.1,5.1,0.604,1.8,4.9,6.8,6.8,1.9,1.5,1.9,4.6,13
95,Alex Caruso,carusal01,PG,24,LAL,25,4,531,5.2,11.7,0.445,1.6,3.4,0.48,3.6,8.3,0.431,3.5,4.3,0.797,1.4,3.2,4.5,5.2,1.6,0.6,2.8,3.7,15.5
96,Omri Casspi,casspom01,SF,30,MEM,36,0,520,6,11.1,0.534,1,3,0.349,4.9,8.2,0.602,2.7,4,0.672,1.2,6.8,8,1.8,1.4,0.6,1.6,2.4,15.6
97,Willie Cauley-Stein,caulewi01,C,25,SAC,81,81,2213,6.7,12.1,0.556,0,0,0.5,6.7,12,0.556,2.3,4.1,0.551,2.9,8.1,11,3.2,1.6,0.8,1.4,3.7,15.7
98,Troy Caupain,caupatr01,PG,23,ORL,4,0,16,9,18,0.5,4.5,6.8,0.667,4.5,11.3,0.4,0,0,,2.3,4.5,6.8,9,2.3,0,0,0,22.5
99,Tyler Cavanaugh,cavanty01,PF,24,UTA,11,0,39,2.8,9.2,0.3,0.9,4.6,0.2,1.8,4.6,0.4,1.8,1.8,1,2.8,4.6,7.4,0.9,0,0,0.9,2.8,8.3
100,Tyson Chandler,chandty01,C,36,TOT,55,6,875,2.5,4.1,0.616,0,0,0,2.5,4,0.622,2.1,3.6,0.586,3.8,8.8,12.6,1.5,0.9,0.9,1.7,4.5,7.1
101,Wilson Chandler,chandwi01,PF-SF,31,TOT,51,33,1177,3.5,8.4,0.418,1.8,4.8,0.373,1.7,3.5,0.478,0.6,0.8,0.72,1.5,5.1,6.6,2.5,0.8,0.6,1.4,3.8,9.3
102,Joe Chealey,chealjo01,PG,23,CHO,1,0,8,4.5,13.5,0.333,0,0,,4.5,13.5,0.333,0,0,,0,0,0,4.5,0,0,0,4.5,9
103,Chris Chiozza,chiozch01,PG,23,HOU,7,0,33,2.2,8.7,0.25,2.2,5.5,0.4,0,3.3,0,0,0,,1.1,3.3,4.4,4.4,1.1,1.1,1.1,2.2,6.5
104,Marquese Chriss,chrisma01,PF,21,TOT,43,2,499,4.8,13,0.372,1.2,5.2,0.222,3.7,7.8,0.472,2.3,3.2,0.711,2.9,7.4,10.2,1.6,1.2,0.8,2.6,5.8,13.1
105,Gary Clark,clarkga01,PF,24,HOU,51,2,641,2.8,8.5,0.331,2.3,7.8,0.297,0.5,0.7,0.692,0.4,0.4,1,1.3,5.2,6.5,1,1.1,1.5,0.4,2.6,8.3
106,Ian Clark,clarkia01,SG,27,NOP,60,6,973,5.6,14.2,0.394,2.4,7.5,0.327,3.1,6.7,0.47,1.2,1.4,0.892,0.5,2.8,3.3,3.5,0.8,0.3,2.1,3.5,14.8
107,Jordan Clarkson,clarkjo01,SG,26,CLE,81,0,2214,8.6,19.2,0.448,2.3,7.2,0.324,6.3,12,0.524,2.6,3.1,0.844,1.3,3.1,4.4,3.2,0.9,0.2,2.2,1.8,22.2
108,John Collins,collijo01,PF,21,ATL,61,59,1829,9.2,16.4,0.56,1.1,3.1,0.348,8.1,13.2,0.609,4,5.2,0.763,4.3,7.4,11.7,2.4,0.4,0.8,2.4,3.9,23.4
109,Zach Collins,colliza01,C,21,POR,77,0,1356,5,10.6,0.473,1.1,3.2,0.331,4,7.4,0.534,2.5,3.3,0.746,2.9,5.7,8.6,1.9,0.7,1.8,2,4.6,13.6
110,Darren Collison,collida01,PG,31,IND,76,76,2143,5.2,11.1,0.467,1.3,3.3,0.407,3.8,7.8,0.492,2.7,3.2,0.832,0.6,3.3,3.9,7.7,1.8,0.2,2.1,2.3,14.3
111,Bonzie Colson,colsobo01,SF,23,MIL,8,2,98,4.8,14.3,0.333,1.8,7.7,0.238,2.9,6.6,0.444,2.9,3.3,0.889,2.9,8.1,11,1.1,1.8,0.4,1.1,1.1,14.3
112,Mike Conley,conlemi01,PG,31,MEM,70,70,2342,7.5,17.2,0.438,2.4,6.5,0.364,5.1,10.7,0.483,5.3,6.2,0.845,0.6,3.1,3.7,6.9,1.4,0.3,2,1.9,22.7
113,Pat Connaughton,connapa01,SG,26,MIL,61,2,1261,4.7,10,0.466,1.9,5.7,0.33,2.8,4.3,0.647,0.8,1.1,0.725,1.7,5.6,7.4,3.5,0.9,0.7,0.9,2.3,12
114,Quinn Cook,cookqu01,PG,25,GSW,74,10,1059,6.9,14.9,0.465,2.8,6.8,0.405,4.2,8.1,0.515,0.7,0.9,0.769,0.7,4.6,5.3,3.9,0.7,0.1,1.7,3.1,17.3
115,DeMarcus Cousins,couside01,C,28,GSW,30,30,771,8.3,17.3,0.48,1.2,4.4,0.274,7.1,12.9,0.551,4.9,6.7,0.736,2,9.5,11.5,5,1.9,2.1,3.4,5.1,22.8
116,Robert Covington,covinro01,SF,28,TOT,35,35,1203,4.7,10.8,0.431,2.5,6.7,0.378,2.1,4.1,0.518,2,2.7,0.764,0.8,4.9,5.8,1.4,2.2,1.4,1.4,3.8,13.9
117,Allen Crabbe,crabbal01,SG,26,BRK,43,20,1133,4.4,11.9,0.367,3.1,8.2,0.378,1.2,3.6,0.342,1.3,1.8,0.732,0.5,4.2,4.7,1.5,0.7,0.4,1.5,3.2,13.1
118,Torrey Craig,craigto01,SF,28,DEN,75,37,1503,3.8,8.7,0.442,1.5,4.5,0.324,2.4,4.2,0.569,1.2,1.7,0.7,2.1,4.2,6.3,1.7,0.9,1.1,1.1,4.2,10.3
119,Jamal Crawford,crawfja01,SG,38,PHO,64,0,1211,5.2,13,0.397,2,6,0.332,3.2,7,0.453,2.8,3.3,0.845,0.2,2.3,2.5,6.8,1,0.4,2.9,2.2,15.1
120,Mitch Creek,creekmi01,SF,26,TOT,5,0,48,6,12,0.5,0,1.5,0,6,10.5,0.571,3.7,5.2,0.714,4.5,4.5,9,4.5,1.5,0,0.7,2.3,15.8
121,Jae Crowder,crowdja01,SF,28,UTA,80,11,2166,5.3,13.2,0.399,2.9,8.7,0.331,2.4,4.6,0.527,2.4,3.3,0.721,1,5.4,6.4,2.2,1.1,0.5,1.4,2.8,15.8
122,Dante Cunningham,cunnida01,PF,31,SAS,64,21,928,2.9,6.1,0.475,1.2,2.5,0.462,1.7,3.6,0.484,0.5,0.7,0.778,1.9,5.4,7.3,1.9,1,0.5,0.9,2.8,7.5
123,Seth Curry,curryse01,SG,28,POR,74,2,1399,5.5,12,0.456,2.9,6.5,0.45,2.5,5.5,0.463,1.1,1.3,0.846,0.7,2.4,3.1,1.7,0.9,0.3,1.6,2.5,15
124,Stephen Curry,curryst01,PG,30,GSW,69,69,2331,9.8,20.7,0.472,5.5,12.5,0.437,4.3,8.2,0.525,4.1,4.4,0.916,0.7,5,5.7,5.6,1.4,0.4,3,2.6,29.1
125,Troy Daniels,danietr01,SG,27,PHO,51,1,760,5.4,13,0.411,3.5,9.2,0.381,1.8,3.8,0.481,0.9,1.1,0.783,0.6,2.8,3.5,1.2,1.2,0.2,1.3,3.7,15.1
126,Anthony Davis,davisan02,C,25,NOP,56,56,1850,10.3,20,0.517,0.9,2.8,0.331,9.4,17.1,0.547,6.7,8.4,0.794,3.4,9.7,13.1,4.2,1.7,2.6,2.2,2.6,28.3
127,Deyonta Davis,davisde01,C,22,ATL,9,0,118,4.6,6.7,0.682,0,0.3,0,4.6,6.4,0.714,1.8,3.1,0.6,3.1,7.9,11,1.5,0.9,1.5,0.9,3.7,11
128,Ed Davis,davised01,C,29,BRK,81,1,1446,4.6,7.5,0.616,0,0,0,4.6,7.5,0.62,2.5,4,0.617,5.4,11.9,17.3,1.5,0.9,0.8,1.6,5.6,11.8
129,Tyler Davis,davisty01,C,21,OKC,1,0,1,0,36,0,0,0,,0,36,0,0,0,,36,0,36,0,0,0,0,0,0
130,Dewayne Dedmon,dedmode01,C,29,ATL,64,52,1609,5.8,11.8,0.492,1.9,4.9,0.382,3.9,6.9,0.57,2.1,2.5,0.814,2.3,8.4,10.7,2,1.5,1.6,1.9,4.8,15.5
131,Sam Dekker,dekkesa01,PF,24,TOT,47,5,788,5.5,11.7,0.469,0.9,2.8,0.306,4.6,8.9,0.521,1.3,2.1,0.609,2.4,4.3,6.8,2.1,1.7,0.3,1.1,2.1,13.1
132,Ángel Delgado,delgaan01,C,24,LAC,2,0,15,2.4,12,0.2,0,0,,2.4,12,0.2,2.4,4.8,0.5,4.8,4.8,9.6,0,2.4,0,0,4.8,7.2
133,Matthew Dellavedova,dellama01,PG,28,TOT,48,0,812,4.3,10.7,0.405,2,5.8,0.338,2.4,5,0.482,1.9,2.3,0.808,0.3,3.1,3.4,8,0.6,0.1,3,3.3,12.5
134,Luol Deng,denglu01,SF,33,MIN,22,2,392,5.4,10.8,0.5,1.3,4,0.318,4.1,6.8,0.608,2.3,3.2,0.714,1.8,4.9,6.7,1.7,1.4,0.7,1.3,2.2,14.4
135,DeMar DeRozan,derozde01,SG,29,SAS,77,77,2688,8.5,17.6,0.481,0.1,0.6,0.156,8.4,17,0.492,4.9,5.9,0.83,0.7,5.5,6.2,6.4,1.2,0.5,2.7,2.4,21.9
136,Marcus Derrickson,derrima01,PF,22,GSW,11,0,67,8.6,17.7,0.485,5.4,10.7,0.5,3.2,7,0.462,2.1,2.7,0.8,4.3,2.7,7,0.5,0,0.5,1.6,4.8,24.7
137,Cheick Diallo,diallch01,PF,22,NOP,64,1,896,6.8,10.9,0.62,0,0.2,0.25,6.7,10.7,0.625,2,2.7,0.746,3,10.3,13.3,1.3,1.2,1.3,2,4.5,15.5
138,Hamidou Diallo,diallha01,SG,20,OKC,51,3,526,5.1,11.3,0.455,0.3,1.6,0.167,4.9,9.7,0.504,2.5,4,0.61,2.6,4,6.6,1.2,1.4,0.7,1.6,5.3,13
139,Gorgui Dieng,dienggo01,C,29,MIN,76,2,1031,6.6,13.2,0.501,0.7,2,0.339,5.9,11.2,0.53,3.1,3.7,0.83,2.8,8,10.9,2.5,1.7,1.4,2,4.7,16.9
140,Spencer Dinwiddie,dinwisp01,PG,25,BRK,68,4,1914,6.9,15.6,0.442,2.3,7,0.335,4.6,8.6,0.528,5.4,6.7,0.806,0.5,2.6,3.1,5.8,0.8,0.3,2.9,3.5,21.5
141,Donte DiVincenzo,divindo01,SG,22,MIL,27,0,411,4.4,10.9,0.403,1.9,7.3,0.265,2.5,3.6,0.683,0.8,1.1,0.75,1.4,4.3,5.7,2.7,1.1,0.5,1.7,3.3,11.5
142,Luka Doncic,doncilu01,SG,19,DAL,72,72,2318,7.9,18.4,0.427,2.6,8,0.327,5.2,10.4,0.503,5.4,7.5,0.713,1.3,7.4,8.7,6.7,1.2,0.4,3.8,2.1,23.7
143,Tyler Dorsey,dorsety01,SG,22,TOT,48,11,698,5.5,13.6,0.405,2.3,6.8,0.333,3.2,6.8,0.477,2,3.1,0.623,1.4,4.4,5.8,2.9,0.7,0.1,1.4,2.7,15.3
144,Damyean Dotson,dotsoda01,SG,24,NYK,73,40,2004,5.2,12.5,0.415,2.3,6.1,0.368,2.9,6.4,0.461,1.3,1.8,0.745,0.6,4.1,4.7,2.4,1,0.2,1.3,2.4,14
145,PJ Dozier,doziepj01,SG,22,BOS,6,0,51,5.6,14.8,0.381,1.4,5.6,0.25,4.2,9.2,0.462,0.7,1.4,0.5,4.2,7.8,12,3.5,1.4,0,0,1.4,13.4
146,Goran Dragi?,dragigo01,PG,32,MIA,36,22,991,6.5,15.7,0.413,2.1,6,0.348,4.4,9.8,0.454,2.9,3.7,0.782,0.7,3.3,4,6.3,1.1,0.2,2.6,2.9,17.9
147,Andre Drummond,drumman01,C,25,DET,79,79,2647,7.6,14.3,0.533,0.1,0.5,0.132,7.6,13.8,0.548,3.3,5.6,0.59,5.8,11,16.8,1.5,1.8,1.9,2.4,3.7,18.6
148,Jared Dudley,dudleja01,PF,33,BRK,59,25,1220,3,7.1,0.423,1.6,4.5,0.351,1.4,2.6,0.545,0.9,1.4,0.696,1,3.6,4.6,2.4,1.1,0.5,1.3,3.9,8.5
149,Kris Dunn,dunnkr01,PG,24,CHI,46,44,1389,5.6,13.1,0.425,0.9,2.5,0.354,4.7,10.6,0.441,1.4,1.8,0.797,0.5,4.4,4.8,7.2,1.8,0.5,2.7,4.3,13.5
150,Kevin Durant,duranke01,SF,30,GSW,78,78,2702,9.6,18.4,0.521,1.8,5.2,0.353,7.8,13.3,0.587,6,6.7,0.885,0.4,6.2,6.6,6.1,0.8,1.1,3,2.1,27
151,Trevon Duval,duvaltr01,PG,20,MIL,3,0,6,12,18,0.667,6,6,1,6,12,0.5,0,0,,0,6,6,12,0,0,0,0,30
152,Vince Edwards,edwarvi01,SF,22,HOU,2,0,16,2.3,9,0.25,2.3,9,0.25,0,0,,0,0,,2.3,2.3,4.5,0,0,0,0,0,6.8
153,Henry Ellenson,ellenhe01,PF,22,TOT,19,0,259,5.4,13.2,0.411,2.4,5.3,0.447,3.1,7.9,0.386,2.6,3.5,0.76,0.7,8.5,9.2,2.2,1,0.3,1.3,3.8,15.8
154,Wayne Ellington,ellinwa01,SG,31,TOT,53,38,1297,5.1,12.7,0.403,3.8,10.3,0.371,1.3,2.4,0.541,1.1,1.4,0.796,0.4,2.6,3,2,1.5,0.2,1.1,2.6,15.1
155,Joel Embiid,embiijo01,C,24,PHI,64,64,2154,9.7,20,0.484,1.3,4.4,0.3,8.4,15.6,0.535,8.7,10.8,0.804,2.7,11.9,14.6,3.9,0.8,2,3.8,3.5,29.4
156,James Ennis,ennisja01,SF,28,TOT,58,27,1230,4,8.6,0.469,1.6,4.6,0.353,2.4,4,0.601,1.7,2.4,0.716,1.8,3.6,5.3,1.2,1.2,0.7,1,4.4,11.4
157,Drew Eubanks,eubandr01,PF,21,SAS,23,0,113,4.8,8.3,0.577,0,0,,4.8,8.3,0.577,3.5,4.1,0.846,1.9,8.9,10.8,2.2,0.6,1.6,2.5,3.5,13.1
158,Jacob Evans,evansja02,SG,21,GSW,30,1,204,3.2,9.4,0.34,0.7,2.6,0.267,2.5,6.7,0.368,0,0.2,0,1.1,3.4,4.4,4.1,0.9,0.5,1.9,4.9,7.1
159,Jawun Evans,evansja01,PG,22,TOT,8,0,65,1.7,7.8,0.214,0,1.7,0,1.7,6.1,0.273,0,0,,0.6,6.1,6.6,5.5,1.7,0,3.3,4.4,3.3
160,Tyreke Evans,evansty01,SG,29,IND,69,18,1402,6.6,16.9,0.389,2,5.5,0.356,4.6,11.4,0.405,3,4.1,0.719,0.8,4.3,5.2,4.3,1.5,0.5,3,3,18.1
161,Dante Exum,exumda01,PG,23,UTA,42,1,664,5.5,13.1,0.419,1,3.4,0.29,4.5,9.7,0.464,3.7,4.7,0.791,0.9,2.8,3.7,6,0.8,0.3,2.8,3.7,15.6
162,Kenneth Faried,farieke01,C,29,TOT,37,13,728,7.7,13.1,0.589,0.4,1.2,0.32,7.3,11.9,0.617,3.2,4.9,0.646,4.8,7.6,12.4,1,0.8,1.1,1.6,4.1,19
163,Derrick Favors,favorde01,C,27,UTA,76,70,1766,7.4,12.6,0.586,0.3,1.6,0.218,7.1,11,0.64,3.1,4.6,0.675,4.2,7.2,11.4,1.8,1.1,2.2,1.7,3.3,18.3
164,Cristiano Felício,feliccr01,C,26,CHI,60,0,746,4.6,8.6,0.531,0,0.2,0,4.6,8.4,0.543,2.4,3.5,0.685,3.8,6.7,10.5,1.8,0.5,0.3,1.6,3.3,11.6
165,Raymond Felton,feltora01,PG,34,OKC,33,0,379,5.2,12.8,0.407,1.9,5.8,0.328,3.3,7,0.473,1.1,1.2,0.923,0.4,2.8,3.2,4.9,0.9,0.6,1.3,2.8,13.5
166,Terrance Ferguson,fergute01,SG,20,OKC,74,74,1931,3.4,8,0.429,2,5.4,0.366,1.5,2.6,0.56,0.7,1,0.725,0.6,2,2.6,1.3,0.7,0.3,0.9,4.3,9.6
167,Yogi Ferrell,ferreyo01,PG,25,SAC,71,3,1067,5.2,11.9,0.435,1.8,5,0.362,3.3,6.8,0.488,2,2.3,0.896,0.4,3.2,3.7,4.6,1.2,0.1,1.3,2.2,14.2
168,Dorian Finney-Smith,finnedo01,SF,25,DAL,81,26,1985,4.1,9.6,0.432,1.4,4.6,0.311,2.7,5,0.544,1.3,1.9,0.709,2.5,4.6,7.1,1.7,1.3,0.7,1.3,3.4,11
169,Bryn Forbes,forbebr01,SG,25,SAS,82,81,2293,5.7,12.4,0.456,2.8,6.5,0.426,2.9,5.9,0.489,1.1,1.2,0.885,0.3,3.5,3.8,2.7,0.7,0.1,1.3,2.5,15.2
170,Evan Fournier,fournev01,SG,26,ORL,81,81,2553,6.6,15.1,0.438,2.2,6.3,0.34,4.4,8.7,0.509,1.9,2.4,0.806,0.5,3.1,3.6,4.2,1,0.2,2.2,3.2,17.3
171,De'Aaron Fox,foxde01,PG,21,SAC,81,81,2546,7.1,15.6,0.458,1.2,3.3,0.371,5.9,12.3,0.482,4.3,5.9,0.727,0.6,3.7,4.3,8.3,1.9,0.6,3.2,2.9,19.8
172,Melvin Frazier,frazime01,SG,22,ORL,10,0,44,5.7,17.2,0.333,0,4.9,0,5.7,12.3,0.467,0.8,3.3,0.25,2.5,1.6,4.1,0.8,0.8,0,0.8,4.9,12.3
173,Tim Frazier,fraziti01,PG,28,TOT,59,19,1120,3.7,8.4,0.444,1.2,3.2,0.366,2.5,5.1,0.494,1.3,1.7,0.759,1.3,4.1,5.4,8,1,0.2,2.4,3.6,10
174,Jimmer Fredette,fredeji01,SG,29,PHO,6,0,65,4.4,16.1,0.276,0,7.2,0,4.4,8.9,0.5,3.3,3.3,1,0.6,3.3,3.9,4.4,1.7,0,2.8,2.8,12.2
175,Channing Frye,fryech01,C,35,CLE,36,6,341,4.5,12.4,0.368,3.4,8.3,0.405,1.2,4,0.289,1.2,1.5,0.786,0.4,5.1,5.5,2.1,0.6,0.5,1.4,4.6,13.6
176,Markelle Fultz,fultzma01,SG,20,PHI,19,15,427,5.5,13.1,0.419,0.3,1.2,0.286,5.1,11.9,0.433,1.8,3.1,0.568,2.2,3.7,5.9,5,1.4,0.4,2.1,4.4,13.1
177,Danilo Gallinari,gallida01,SF,30,LAC,68,68,2059,7.2,15.5,0.463,2.8,6.5,0.433,4.3,9,0.484,6.4,7.1,0.904,0.9,6.3,7.3,3.1,0.9,0.4,1.7,2.3,23.5
178,Langston Galloway,gallola01,SG,27,DET,80,4,1745,4.7,12.1,0.388,2.8,7.8,0.355,1.9,4.3,0.449,1.7,2,0.844,1,2.5,3.5,1.8,0.8,0.2,0.5,2.8,13.9
179,Billy Garrett,garrebi01,SG,24,NYK,4,0,63,6.3,15.4,0.407,0,4.6,0,6.3,10.9,0.579,2.3,2.3,1,0,1.7,1.7,4,0.6,0.6,1.1,1.7,14.9
180,Marc Gasol,gasolma01,C,34,TOT,79,72,2436,5.8,12.9,0.448,1.5,4,0.363,4.3,8.8,0.487,2.8,3.7,0.759,1.2,8.1,9.3,5.2,1.2,1.3,2.3,3.2,15.8
181,Pau Gasol,gasolpa01,C,38,TOT,30,6,360,4.2,9.4,0.447,0.6,1.3,0.462,3.6,8.1,0.444,2.8,4,0.7,2.2,11.5,13.7,5.2,0.5,1.5,1.6,2.9,11.8
182,Rudy Gay,gayru01,PF,32,SAS,69,51,1842,7.3,14.6,0.504,1.4,3.6,0.402,5.9,11,0.537,2.3,2.9,0.816,1.2,8,9.2,3.6,1.1,0.7,2.2,3.1,18.5
183,Paul George,georgpa01,SF,28,OKC,77,77,2841,9,20.5,0.438,3.7,9.6,0.386,5.3,10.9,0.484,5.7,6.8,0.839,1.3,6.6,8,4,2.2,0.4,2.6,2.7,27.4
184,Taj Gibson,gibsota01,PF,33,MIN,70,57,1686,6.5,11.5,0.566,0.2,0.7,0.324,6.3,10.7,0.583,2.9,3.8,0.757,3.7,6.1,9.8,1.8,1.1,0.8,1.6,4,16.1
185,Harry Giles,gilesha01,PF,20,SAC,58,0,820,7.7,15.3,0.503,0,0.3,0,7.7,15,0.512,2.5,4,0.637,2.9,6.8,9.7,3.7,1.4,1,3.2,6.6,17.9
186,Shai Gilgeous-Alexander,gilgesh01,PG,20,LAC,82,73,2174,5.6,11.9,0.476,0.8,2.3,0.367,4.8,9.6,0.503,2.6,3.2,0.8,0.9,2.9,3.8,4.5,1.6,0.7,2.3,2.9,14.7
187,Rudy Gobert,goberru01,C,26,UTA,81,80,2577,6.6,9.9,0.669,0,0,,6.6,9.9,0.669,4.6,7.3,0.636,4.3,10.2,14.5,2.2,0.9,2.6,1.8,3.2,17.9
188,Brandon Goodwin,goodwbr01,PG,23,DEN,16,0,57,3.8,14.5,0.261,1.3,3.8,0.333,2.5,10.7,0.235,5.7,6.9,0.818,0.6,1.3,1.9,8.8,0,0,1.9,4.4,14.5
189,Aaron Gordon,gordoaa01,PF,23,ORL,78,78,2633,6.4,14.3,0.449,1.7,4.7,0.349,4.8,9.6,0.499,2.5,3.5,0.731,1.8,6.1,7.8,4,0.8,0.8,2.2,2.4,17
190,Eric Gordon,gordoer01,SG,30,HOU,68,53,2158,6.4,15.6,0.409,3.6,10,0.36,2.8,5.6,0.497,2,2.5,0.783,0.3,2.2,2.5,2.2,0.7,0.5,1.5,2.4,18.4
191,Marcin Gortat,gortama01,C,34,LAC,47,43,751,4.7,8.9,0.532,0,0,,4.7,8.9,0.532,1.7,2.3,0.729,3.2,9.3,12.5,3.1,0.3,1.2,2.4,4.4,11.2
192,Devonte' Graham,grahade01,PG,23,CHO,46,3,676,3.9,11.5,0.343,1.8,6.4,0.281,2.1,5.1,0.421,1.9,2.4,0.761,0.5,2.8,3.4,6.4,1.2,0.1,1.6,2.6,11.6
193,Treveon Graham,grahatr01,SG,25,BRK,35,21,715,3.2,9.6,0.335,1.9,6.4,0.297,1.3,3.2,0.413,0.9,1.1,0.818,1.2,4.2,5.4,1.7,0.7,0.4,0.9,3.4,9.3
194,Jerami Grant,grantje01,PF,24,OKC,80,77,2612,5.6,11.3,0.497,1.6,4,0.392,4.1,7.3,0.555,2.2,3,0.71,1.3,4.4,5.7,1.1,0.8,1.4,0.9,2.9,15
195,Jerian Grant,grantje02,PG,26,ORL,60,1,939,3.5,8.4,0.418,1.5,4.2,0.364,2,4.2,0.473,1,1.5,0.65,0.7,3,3.8,6,1.7,0.2,2,3,9.6
196,Donte Grantham,grantdo01,SF,23,OKC,3,0,2,0,36,0,0,36,0,0,0,,0,0,,0,0,0,0,0,0,0,0,0
197,Danny Green,greenda02,SG,31,TOR,80,80,2216,4.8,10.2,0.465,3.2,7.1,0.455,1.5,3.2,0.487,0.6,0.7,0.841,1,4.2,5.1,2,1.2,0.9,1.2,2.8,13.3
198,Draymond Green,greendr01,PF,28,GSW,66,66,2065,3.3,7.4,0.445,0.8,2.9,0.285,2.5,4.5,0.549,1.1,1.6,0.692,1,7.3,8.4,7.9,1.7,1.2,2.9,3.4,8.5
199,Gerald Green,greenge01,SG,33,HOU,73,0,1473,5.6,14.1,0.4,3.8,10.8,0.354,1.8,3.3,0.547,1.4,1.7,0.838,0.7,3.7,4.4,1,0.8,0.7,1.3,3.1,16.5
200,JaMychal Green,greenja01,PF,28,TOT,65,6,1371,6,12.5,0.483,1.9,4.6,0.403,4.2,7.9,0.53,2.1,2.7,0.792,2.7,8,10.7,1.3,1.2,0.9,2.3,5.1,16
201,Jeff Green,greenje02,PF,32,WAS,77,44,2097,5.6,11.8,0.475,1.9,5.5,0.347,3.7,6.3,0.586,3.1,3.5,0.888,1,4.3,5.3,2.4,0.7,0.7,1.7,2.7,16.2
202,Blake Griffin,griffbl01,PF,29,DET,75,75,2622,8.5,18.4,0.462,2.6,7.2,0.362,5.9,11.2,0.525,5.7,7.6,0.753,1.4,6.4,7.8,5.5,0.7,0.4,3.5,2.7,25.3
203,Daniel Hamilton,hamilda02,SG,23,ATL,19,3,204,4.1,10.6,0.383,1.4,4.1,0.348,2.6,6.5,0.405,0.5,1.1,0.5,1.8,6.5,8.3,3.9,1.1,0.2,2.8,3.4,10.1
204,Dusty Hannahs,hannadu01,SG,25,MEM,2,0,26,4.2,16.6,0.25,0,6.9,0,4.2,9.7,0.429,2.8,2.8,1,0,1.4,1.4,6.9,1.4,0,1.4,1.4,11.1
205,Tim Hardaway Jr.,hardati02,SG,26,TOT,65,63,2057,6.8,17.4,0.393,2.8,8.3,0.34,4,9,0.442,4.1,4.8,0.841,0.6,3.3,3.9,2.8,0.9,0.1,1.8,2.5,20.5
206,James Harden,hardeja01,PG,29,HOU,78,78,2867,10.6,24,0.442,4.7,12.9,0.368,5.8,11.1,0.528,9.5,10.8,0.879,0.8,5.7,6.5,7.4,2,0.7,4.9,3.1,35.4
207,Maurice Harkless,harklma01,SF,25,POR,60,53,1415,4.8,9.9,0.487,0.8,3.1,0.275,4,6.8,0.582,1.2,1.9,0.671,2,4.9,6.8,1.9,1.7,1.3,1.1,4.1,11.7
208,Montrezl Harrell,harremo01,C,25,LAC,82,5,2158,9.1,14.8,0.615,0.1,0.3,0.176,9.1,14.5,0.623,4.4,6.9,0.643,3.1,5.9,8.9,2.7,1.2,1.8,2.2,4.3,22.7
209,Devin Harris,harride01,PG,35,DAL,68,2,1071,4.4,11.7,0.38,2.1,6.7,0.31,2.4,4.9,0.476,3.4,4.5,0.761,0.4,3.4,3.8,4.1,1.2,0.5,1.9,4.5,14.4
210,Gary Harris,harriga01,SG,24,DEN,57,48,1639,5.9,14,0.424,1.8,5.3,0.339,4.1,8.7,0.476,2.5,3.2,0.799,0.9,2.6,3.5,2.8,1.2,0.4,1.5,2.5,16.2
211,Joe Harris,harrijo01,SG,27,BRK,76,76,2293,5.9,11.7,0.5,2.9,6.1,0.474,3,5.7,0.528,1.7,2.1,0.827,0.8,3.8,4.6,2.8,0.6,0.3,1.9,2.9,16.3
212,Tobias Harris,harrito02,PF,26,TOT,82,82,2847,7.7,15.9,0.487,2,5,0.397,5.8,10.9,0.528,3.4,3.9,0.866,0.9,7.3,8.2,2.9,0.6,0.5,1.9,2.3,20.8
213,Andrew Harrison,harrian01,PG,24,TOT,17,0,187,3.1,10.2,0.302,1,4.8,0.2,2.1,5.4,0.393,3.3,3.5,0.944,1.2,2.7,3.9,4.6,0.8,0.4,2.3,6.5,10.4
214,Shaquille Harrison,harrish01,SG,25,CHI,73,11,1430,4.6,10.7,0.432,0.6,2.2,0.27,4,8.5,0.475,2.1,3.1,0.667,0.8,4.8,5.6,3.5,2.2,0.8,1.5,3.1,11.9
215,Josh Hart,hartjo01,SG,23,LAL,67,22,1715,4,9.7,0.407,1.9,5.8,0.336,2,4,0.511,1.2,1.7,0.688,0.7,4.5,5.2,2,1.3,0.8,1.2,3.1,11
216,Isaiah Hartenstein,harteis01,PF,20,HOU,28,0,221,3.3,6.7,0.488,0.3,1,0.333,2.9,5.7,0.514,1.8,2.3,0.786,3.4,4.2,7.7,2.4,1.1,2,2.1,9.1,8.6
217,Udonis Haslem,hasleud01,C,38,MIA,10,1,74,5.4,16.1,0.333,0,5.8,0,5.4,10.2,0.524,1.5,1.9,0.75,1.5,11.7,13.1,1,0,0,1.5,4.4,12.2
218,Gordon Hayward,haywago01,PF,28,BOS,72,18,1863,5.7,12.3,0.466,1.5,4.5,0.333,4.2,7.8,0.542,3,3.6,0.834,1,5.2,6.2,4.7,1.2,0.4,2,2,15.9
219,John Henson,hensojo01,C,28,MIL,14,0,188,5.9,12.8,0.463,2.1,5.9,0.355,3.8,6.9,0.556,1.1,1.9,0.6,3.1,10.5,13.6,2.7,1.3,2.1,2.3,3.1,15.1
220,Juan Hernangómez,hernaju01,PF,23,DEN,70,25,1358,3.7,8.3,0.439,1.7,4.8,0.365,1.9,3.5,0.541,1.7,2.3,0.767,1.7,5.3,7,1.5,0.7,0.6,1,2.5,10.8
221,Willy Hernangómez,hernawi01,C,24,CHO,58,3,812,6.8,13.1,0.519,0.7,1.7,0.385,6.1,11.3,0.539,4.4,6.4,0.694,5.2,8.6,13.8,2.7,0.7,0.9,2.6,4.3,18.7
222,Mario Hezonja,hezonma01,SF,23,NYK,58,24,1206,5.7,13.9,0.412,1.3,4.5,0.276,4.4,9.3,0.478,2.6,3.4,0.763,0.8,6.3,7.1,2.6,1.7,0.2,2.6,3.3,15.3
223,Isaiah Hicks,hicksis01,PF,24,NYK,3,0,32,4.5,9,0.5,0,0,,4.5,9,0.5,4.5,5.6,0.8,2.3,5.6,7.9,2.3,1.1,3.4,1.1,5.6,13.5
224,Buddy Hield,hieldbu01,SG,26,SAC,82,82,2615,8.6,18.7,0.458,3.8,9,0.427,4.7,9.8,0.487,2.4,2.7,0.886,1.5,4.2,5.7,2.8,0.8,0.5,2,2.8,23.3
225,Haywood Highsmith,highsha01,SF,22,PHI,5,0,40,3.6,9,0.4,0.9,4.5,0.2,2.7,4.5,0.6,0,1.8,0,0,4.5,4.5,1.8,0.9,0,0.9,0.9,8.1
226,Nene,hilarne01,C,36,HOU,42,2,546,4,7.6,0.517,0,0.2,0,4,7.5,0.531,2,3.1,0.66,2.2,5.9,8.1,1.7,1.2,1,0.7,5.7,10
227,George Hill,hillge01,PG,32,TOT,60,13,1302,4.7,10.4,0.452,1.3,4.2,0.314,3.4,6.2,0.547,1.9,2.4,0.824,1.1,3,4.1,3.7,1.4,0.2,1.4,2.8,12.7
228,Solomon Hill,hillso01,SF,27,NOP,44,15,878,2.8,7.3,0.382,1.3,4.1,0.317,1.5,3.2,0.468,0.9,1.3,0.719,1.4,4.1,5.5,2.3,0.9,0.4,1.3,3.3,7.8
229,Aaron Holiday,holidaa01,PG,22,IND,50,0,646,5.9,14.6,0.401,2.4,7.1,0.339,3.5,7.5,0.459,2.3,2.8,0.82,0.3,3.5,3.7,4.8,1.2,0.7,2.2,4,16.4
230,Jrue Holiday,holidjr01,SG,28,NOP,67,67,2402,8.2,17.4,0.472,1.8,5.4,0.325,6.4,11.9,0.539,3.1,4.1,0.768,1.1,3.9,5,7.8,1.6,0.8,3.1,2.2,21.3
231,Justin Holiday,holidju01,SG,29,TOT,82,77,2607,4.1,10.7,0.386,2.2,6.4,0.348,1.9,4.3,0.442,1.3,1.5,0.896,0.6,3.8,4.5,2,1.7,0.5,1.4,2.3,11.8
232,John Holland,hollajo02,SF,30,CLE,1,0,1,0,0,,0,0,,0,0,,0,0,,0,0,0,0,0,0,0,0,0
233,Rondae Hollis-Jefferson,holliro01,SF,24,BRK,59,21,1234,5.8,14.2,0.411,0.3,1.4,0.184,5.6,12.8,0.436,3.4,5.3,0.645,2.4,6.6,9,2.8,1.3,0.8,2,3.1,15.4
234,Richaun Holmes,holmeri01,C,25,PHO,70,4,1184,6.8,11.1,0.608,0,0,,6.8,11.1,0.608,3.9,5.3,0.731,3.5,6.6,10.1,1.8,1.3,2.4,1.6,5.9,17.4
235,Rodney Hood,hoodro01,SG,26,TOT,72,49,1893,5.6,12.8,0.435,1.6,4.5,0.356,4,8.3,0.478,2.6,2.9,0.884,0.5,2.5,3,2.4,1.1,0.2,1,2.8,15.3
236,Al Horford,horfoal01,C,32,BOS,68,68,1973,7.1,13.2,0.535,1.3,3.7,0.36,5.7,9.5,0.604,1.4,1.7,0.821,2.2,6.2,8.4,5.2,1.1,1.6,1.9,2.3,16.9
237,Danuel House,houseda01,SF,25,HOU,39,13,979,4.3,9.3,0.468,2.7,6.5,0.416,1.6,2.7,0.595,2.1,2.6,0.789,0.9,4.2,5.1,1.5,0.8,0.4,1.3,2.9,13.5
238,Dwight Howard,howardw01,C,33,WAS,9,9,230,6.7,10.8,0.623,0,0,,6.7,10.8,0.623,4.5,7.5,0.604,3.8,9.2,13,0.6,1.1,0.6,2.5,5.3,18
239,Kevin Huerter,huertke01,SG,20,ATL,75,59,2048,4.8,11.5,0.419,2.4,6.2,0.385,2.4,5.3,0.457,0.7,1,0.732,1.1,3.3,4.3,3.8,1.1,0.4,1.9,2.7,12.8
240,Isaac Humphries,humphis01,C,21,ATL,5,1,56,3.9,13.5,0.286,1.9,7.1,0.273,1.9,6.4,0.3,0,0,,2.6,4.5,7.1,0,0.6,0,0,4.5,9.6
241,R.J. Hunter,hunterj01,SG,25,BOS,1,0,26,8.3,18,0.462,5.5,13.8,0.4,2.8,4.2,0.667,1.4,2.8,0.5,1.4,2.8,4.2,4.2,1.4,0,0,4.2,23.5
242,Chandler Hutchison,hutchch01,SF,22,CHI,44,14,895,3.9,8.4,0.459,0.6,2,0.28,3.3,6.4,0.516,0.9,1.5,0.605,1.2,6.2,7.4,1.4,0.9,0.2,1,2.4,9.2
243,Serge Ibaka,ibakase01,C,29,TOR,74,51,2010,8.3,15.7,0.529,0.9,3,0.29,7.4,12.7,0.586,2.4,3.2,0.763,2.8,8,10.8,1.8,0.5,1.8,2,3.8,19.9
244,Andre Iguodala,iguodan01,SF,35,GSW,68,13,1578,3.4,6.9,0.5,1.1,3.3,0.333,2.3,3.6,0.652,0.9,1.5,0.582,1.1,4.7,5.7,4.9,1.4,1.2,1.2,2.2,8.9
245,Ersan Ilyasova,ilyaser01,PF,31,MIL,67,7,1231,4.9,11.1,0.438,1.7,4.7,0.363,3.2,6.5,0.493,1.8,2.2,0.824,2.7,6.1,8.8,1.5,0.9,0.6,1.4,5,13.2
246,Joe Ingles,inglejo01,PF,31,UTA,82,82,2568,5,11.2,0.448,2.6,6.8,0.391,2.4,4.5,0.533,1.2,1.7,0.707,0.5,4.1,4.6,6.6,1.4,0.3,2.7,2.5,13.9
247,Andre Ingram,ingraan01,SG,33,LAL,4,0,15,0,14.4,0,0,7.2,0,0,7.2,0,0,0,,2.4,2.4,4.8,0,2.4,0,2.4,0,0
248,Brandon Ingram,ingrabr01,SF,21,LAL,52,52,1760,7.4,14.9,0.497,0.6,1.9,0.33,6.8,13,0.521,4,5.9,0.675,0.8,4.6,5.5,3.2,0.6,0.6,2.6,3,19.4
249,Kyrie Irving,irvinky01,PG,26,BOS,67,67,2214,9.8,20.2,0.487,2.8,7.1,0.401,7,13.1,0.533,3.5,4,0.873,1.2,4.3,5.4,7.5,1.7,0.6,2.8,2.7,26
250,Jonathan Isaac,isaacjo01,PF,21,ORL,75,64,1996,4.7,11,0.429,1.6,4.8,0.323,3.2,6.2,0.51,2,2.4,0.815,1.8,5.6,7.4,1.4,1.1,1.8,1.4,2.6,13
251,Wesley Iwundu,iwundwe01,SF,24,ORL,68,13,1233,3.3,8,0.412,0.8,2.3,0.367,2.5,5.7,0.431,2.5,3,0.816,1.1,4.3,5.4,2.1,0.8,0.6,1.3,3.6,9.9
252,Demetrius Jackson,jacksde01,PG,24,PHI,6,0,39,7.4,13.8,0.533,1.8,5.5,0.333,5.5,8.3,0.667,3.7,3.7,1,1.8,0.9,2.8,4.6,1.8,0,0.9,3.7,20.3
253,Frank Jackson,jacksfr01,PG,20,NOP,61,16,1169,6,13.8,0.434,1.6,5.2,0.314,4.3,8.6,0.507,1.7,2.2,0.74,0.8,3.4,4.1,2.1,0.8,0.1,1.5,2.8,15.2
254,Jaren Jackson Jr.,jacksja02,PF,19,MEM,58,56,1515,7.1,14,0.506,1.2,3.4,0.359,5.9,10.6,0.553,3.6,4.7,0.766,1.7,4.7,6.5,1.5,1.2,1.9,2.3,5.2,19
255,Josh Jackson,jacksjo02,SG,21,PHO,79,29,1988,6.3,15.2,0.413,1.3,4.1,0.324,5,11.2,0.445,2.6,3.9,0.671,1.2,5.1,6.3,3.3,1.3,1,3.1,3.8,16.5
256,Justin Jackson,jacksju01,SF,23,TOT,81,14,1614,4.8,10.8,0.447,1.9,5.5,0.355,2.9,5.4,0.542,1.4,1.8,0.785,1,3.7,4.7,2.1,0.7,0.3,0.6,2.2,13
257,Reggie Jackson,jacksre01,PG,28,DET,82,82,2289,6.9,16.5,0.421,2.7,7.4,0.369,4.2,9.1,0.464,3.2,3.7,0.864,0.7,2.7,3.4,5.4,0.9,0.1,2.3,3.3,19.8
258,LeBron James,jamesle01,SF,34,LAL,55,55,1937,10.4,20.4,0.51,2.1,6.1,0.339,8.3,14.3,0.582,5.2,7.8,0.665,1.1,7.6,8.6,8.4,1.3,0.6,3.7,1.7,28
259,Amile Jefferson,jeffeam01,PF,25,ORL,12,0,68,5.3,8.5,0.625,0,0,,5.3,8.5,0.625,3.7,4.2,0.875,3.2,7.9,11.1,1.6,1.6,1.6,0.5,4.2,14.3
260,John Jenkins,jenkijo01,SG,27,TOT,26,0,333,4.5,11.4,0.4,2.4,6.3,0.379,2.2,5.1,0.426,1.6,1.9,0.833,0.6,3.4,4,2.4,0,0.2,1,1.1,13.1
261,Jonas Jerebko,jerebjo01,PF,31,GSW,73,6,1218,4.8,10.5,0.459,2,5.6,0.367,2.8,4.9,0.563,1.9,2.4,0.8,2.1,6.4,8.5,2.8,0.8,0.5,1.3,4,13.6
262,Alize Johnson,johnsal02,PF,22,IND,14,0,64,2.3,9,0.25,0.6,1.1,0.5,1.7,7.9,0.214,2.3,4.5,0.5,2.3,8.4,10.7,0.6,0.6,1.7,0,3.9,7.3
263,Amir Johnson,johnsam01,C,31,PHI,51,6,529,5.4,10.7,0.503,0.8,2.7,0.3,4.6,8,0.573,2.1,2.8,0.756,3.2,6.8,10,4.1,1.1,0.9,3.1,6.7,13.7
264,B.J. Johnson,johnsbj01,SF,23,TOT,7,0,49,6.6,13.2,0.5,2.2,5.1,0.429,4.4,8.1,0.545,1.5,1.5,1,1.5,4.4,5.9,0,1.5,0,1.5,2.9,16.9
265,James Johnson,johnsja01,PF,31,MIA,55,33,1164,5.1,11.7,0.433,1.5,4.6,0.336,3.5,7.1,0.496,1.5,2.2,0.714,0.7,4.8,5.4,4.2,1.1,0.8,2.3,3.5,13.2
266,Stanley Johnson,johnsst04,SF,22,TOT,66,7,1208,5.1,13.1,0.389,1.8,6.4,0.288,3.2,6.7,0.484,1.5,1.9,0.781,1,5.5,6.5,2.6,1.8,0.4,2.4,3.4,13.5
267,Tyler Johnson,johnsty01,PG,26,TOT,57,22,1529,5.1,12.4,0.413,2.1,6.1,0.346,3,6.3,0.477,2.2,3,0.748,0.8,3.3,4.1,3.9,1.3,0.6,1.8,2.3,14.6
268,Wesley Johnson,johnswe01,SF,31,TOT,38,13,534,3,8.6,0.352,1.7,5.1,0.329,1.3,3.5,0.385,0.9,1.3,0.684,0.8,4,4.9,1.6,0.9,0.8,1.2,4.2,8.6
269,Nikola Jokic,jokicni01,C,23,DEN,80,80,2504,8.9,17.3,0.511,1.2,3.9,0.307,7.7,13.5,0.569,4.2,5.1,0.821,3.3,9.2,12.4,8.3,1.6,0.8,3.6,3.3,23.1
270,Damian Jones,jonesda03,C,23,GSW,24,22,410,4.7,6.5,0.716,0,0,,4.7,6.5,0.716,2.1,3.2,0.649,2.7,3.9,6.6,2.5,1.1,2.2,1.4,5.5,11.4
271,Derrick Jones Jr.,jonesde02,SF,21,MIA,60,14,1153,5,10.1,0.494,0.9,2.8,0.308,4.1,7.3,0.567,2.3,3.8,0.607,3,4.5,7.5,1.2,1.4,1.3,1.3,3.8,13.2
272,Jalen Jones,jonesja04,SF,25,CLE,16,0,214,4.4,10.4,0.419,1.7,4.7,0.357,2.7,5.7,0.471,3.2,4.5,0.704,1.9,3.9,5.7,1.2,1.5,0.3,1.3,4.5,13.6
273,Jemerrio Jones,jonesje01,SF,23,LAL,6,2,143,3,8.3,0.364,0.5,2.5,0.2,2.5,5.8,0.435,0.3,0.5,0.5,4,8.3,12.3,3.3,1.8,1.3,1.3,2.5,6.8
274,Terrence Jones,joneste01,PF,27,HOU,2,0,5,7.2,28.8,0.25,0,14.4,0,7.2,14.4,0.5,0,7.2,0,0,28.8,28.8,0,0,0,7.2,7.2,14.4
275,Tyus Jones,jonesty01,PG,22,MIN,68,23,1560,4.3,10.3,0.415,0.9,2.9,0.317,3.3,7.4,0.453,1.3,1.6,0.841,0.5,2.6,3.1,7.5,1.9,0.1,1.1,1.8,10.8
276,DeAndre Jordan,jordade01,C,30,TOT,69,69,2047,5,7.8,0.641,0,0,,5,7.8,0.641,3.3,4.6,0.705,4,11.9,15.9,2.7,0.7,1.3,2.7,2.9,13.3
277,Cory Joseph,josepco01,PG,27,IND,82,9,2063,3.9,9.6,0.412,1,3,0.322,3,6.6,0.454,0.5,0.8,0.698,0.7,4.2,4.9,5.6,1.6,0.4,1.4,2.3,9.4
278,Frank Kaminsky,kaminfr01,C,25,CHO,47,0,755,6.6,14.2,0.463,2.4,6.6,0.36,4.2,7.6,0.553,3.8,5.1,0.738,1.9,5.9,7.8,3,0.6,0.6,2,3.2,19.3
279,Enes Kanter,kanteen01,C,26,TOT,67,31,1640,8.2,15,0.549,0.2,0.7,0.294,8,14.2,0.562,3.4,4.3,0.787,5.6,8.8,14.5,2.5,0.7,0.6,2.6,3.7,20.1
280,Luke Kennard,kennalu01,SG,22,DET,63,10,1437,5.7,13,0.438,2.7,6.7,0.394,3.1,6.3,0.486,1.3,1.5,0.836,0.3,4.3,4.6,2.9,0.7,0.3,1.4,2.3,15.4
281,Michael Kidd-Gilchrist,kiddgmi01,PF,25,CHO,64,3,1179,4.8,10.1,0.476,0.5,1.4,0.34,4.3,8.7,0.498,2.9,3.8,0.772,2.7,4.8,7.5,1.9,1,1.2,1.3,4.8,13
282,George King,kingge03,SF,25,PHO,1,0,6,0,0,,0,0,,0,0,,0,0,,0,6,6,0,0,0,0,0,0
283,Maxi Kleber,klebima01,PF,27,DAL,71,18,1502,4.2,9.3,0.453,1.8,5.2,0.353,2.3,4,0.583,1.4,1.8,0.784,2.2,5.7,7.9,1.7,0.9,1.9,1.3,3.4,11.6
284,Brandon Knight,knighbr03,PG,27,TOT,39,26,736,4.8,12.7,0.381,2,6.3,0.318,2.8,6.4,0.443,1.3,1.7,0.794,0.5,2.4,2.9,3.5,1,0.1,1.5,3,13
285,Kevin Knox,knoxke01,PF,19,NYK,75,57,2158,5.6,15.2,0.37,2.1,6.1,0.343,3.6,9.2,0.387,2.7,3.8,0.717,1,4.6,5.6,1.4,0.7,0.4,1.9,2.9,16.1
286,Furkan Korkmaz,korkmfu01,SG,21,PHI,48,7,679,5.2,13,0.4,2.5,7.6,0.326,2.7,5.4,0.505,1.9,2.3,0.818,0.8,4.8,5.7,2.8,1.5,0.1,1.3,3.3,14.8
287,Luke Kornet,kornelu01,PF,23,NYK,46,18,784,4.9,13,0.378,3.2,8.9,0.363,1.7,4.1,0.411,1.7,2.1,0.826,1.3,4.9,6.2,2.5,1.2,1.9,1.1,1.9,14.8
288,Kyle Korver,korveky01,SG-PF,37,TOT,70,0,1334,5.4,13,0.416,3.7,9.4,0.397,1.7,3.6,0.467,1.6,2,0.822,0.2,4.1,4.4,2.2,0.7,0.3,1.6,2.9,16.2
289,Kosta Koufos,koufoko01,C,29,SAC,42,1,502,5.2,11,0.477,0,0,,5.2,11,0.477,0.7,1.7,0.417,3.7,9,12.7,2.6,1.1,1.3,1.9,4.9,11.2
290,Rodions Kurucs,kurucro01,SF,20,BRK,63,46,1294,5.6,12.5,0.45,1.6,5.1,0.315,4,7.4,0.543,2,2.6,0.783,1.6,5.3,6.8,1.4,1.1,0.7,2.1,4.1,14.9
291,Kyle Kuzma,kuzmaky01,PF,23,LAL,70,68,2314,7.7,16.9,0.456,2,6.6,0.303,5.7,10.3,0.553,2.9,3.9,0.752,0.9,5,5.9,2.8,0.6,0.4,2.1,2.6,20.3
292,Skal Labissière,labissk01,PF,22,TOT,22,1,176,5.3,10,0.531,1.2,2.7,0.462,4.1,7.4,0.556,1.8,3.5,0.529,1.8,7,8.8,2.3,1,1.2,2.3,5.9,13.7
293,Jeremy Lamb,lambje01,SG,26,CHO,79,55,2250,6.9,15.7,0.44,1.8,5.3,0.348,5.1,10.4,0.487,3.7,4.2,0.888,1,5.9,6.9,2.8,1.4,0.5,1.3,2.2,19.3
294,Zach LaVine,lavinza01,SG,23,CHI,63,62,2171,8.8,18.8,0.467,2,5.3,0.374,6.8,13.5,0.504,5.2,6.2,0.832,0.7,4.2,4.9,4.7,1,0.4,3.6,2.3,24.7
295,Jake Layman,laymaja01,SF,24,POR,71,33,1327,5.9,11.5,0.509,1.6,4.9,0.326,4.3,6.6,0.646,1.4,1.9,0.704,1.5,4.4,5.9,1.4,0.8,0.8,1.2,3.1,14.7
296,T.J. Leaf,leaftj01,PF,21,IND,58,1,522,6.8,12.6,0.541,0.6,2.1,0.258,6.3,10.5,0.599,1.3,2.1,0.613,3,5.7,8.6,1.7,0.6,1.3,0.8,2.4,15.5
297,Courtney Lee,leeco01,SG,33,TOT,34,6,428,4.5,10.9,0.411,1.3,4.6,0.291,3.1,6.2,0.5,1.2,1.8,0.667,0.8,3.8,4.5,3.1,1.8,0.3,1.2,2.7,11.4
298,Damion Lee,leeda03,SG,26,GSW,32,0,375,5.4,12.2,0.441,2.6,6.5,0.397,2.8,5.7,0.492,1.8,2.1,0.864,0.8,5.4,6.1,1.2,1.2,0,1.1,2.7,15.2
299,Walt Lemon Jr.,lemonwa01,PG,26,CHI,6,3,167,8.2,18.8,0.437,0.4,1.1,0.4,7.8,17.7,0.439,1.7,2.4,0.727,0.9,5,5.8,6.5,2.4,0.2,2.2,3,18.5
300,Alex Len,lenal01,C,25,ATL,77,31,1544,7.5,15.1,0.494,1.7,4.8,0.363,5.7,10.4,0.554,3.3,5,0.648,3.7,6.2,9.9,2,0.6,1.6,2.3,4.7,19.9
301,Kawhi Leonard,leonaka01,SF,27,TOR,60,60,2040,9.9,19.9,0.496,2,5.3,0.371,7.9,14.6,0.542,6.4,7.5,0.854,1.4,6.4,7.7,3.5,1.9,0.4,2.1,1.5,28.2
302,Meyers Leonard,leoname01,C,26,POR,61,2,878,5.4,9.9,0.545,2.1,4.6,0.45,3.4,5.4,0.626,1.8,2.1,0.843,2,7.5,9.6,3.1,0.5,0.4,1.8,4.3,14.6
303,Jon Leuer,leuerjo01,PF,29,DET,41,1,402,5.9,10.1,0.584,0.1,1,0.091,5.8,9.1,0.637,2.1,2.8,0.742,2.4,6.3,8.7,1.3,1.1,0.4,2.1,5.4,14
304,Caris LeVert,leverca01,SF,24,BRK,40,25,1063,7,16.4,0.429,1.6,5.2,0.312,5.4,11.1,0.483,2.9,4.2,0.691,1.2,3.9,5.1,5.3,1.4,0.5,2.3,2.6,18.5
305,Damian Lillard,lillada01,PG,28,POR,80,80,2838,8.6,19.4,0.444,3,8.2,0.369,5.6,11.3,0.499,5.9,6.5,0.912,0.9,3.8,4.7,7,1.1,0.4,2.7,1.9,26.2
306,Jeremy Lin,linje01,PG,30,TOT,74,4,1436,6,13.6,0.44,1.4,4.7,0.294,4.6,8.9,0.517,4.4,5.3,0.838,0.6,3.9,4.5,5.8,1.2,0.3,3.1,3.6,17.7
307,Shaun Livingston,livinsh01,PG,33,GSW,64,0,967,4.1,7.8,0.519,0,0.1,0,4.1,7.7,0.524,1.5,1.9,0.784,1.6,2.8,4.4,4.2,1.2,1,1.4,2.8,9.6
308,Zach Lofton,loftoza01,SG,26,DET,1,0,4,0,9,0,0,9,0,0,0,,0,0,,0,0,0,0,9,0,9,0,0
309,Kevon Looney,looneke01,C,22,GSW,80,24,1481,5.3,8.4,0.625,0,0.2,0.1,5.3,8.2,0.641,1.6,2.6,0.619,4.7,5.4,10.1,3,1.1,1.3,1.2,5.1,12.2
310,Brook Lopez,lopezbr01,C,30,MIL,81,81,2322,5.5,12.2,0.452,2.9,7.9,0.365,2.6,4.2,0.613,1.7,2.1,0.842,0.5,5.6,6.1,1.5,0.8,2.8,1.3,2.9,15.6
311,Robin Lopez,lopezro01,C,30,CHI,74,36,1606,6.8,12,0.568,0.2,0.7,0.226,6.7,11.3,0.589,2,2.8,0.724,3.1,3.3,6.4,2,0.2,1.7,2.2,2.8,15.8
312,Kevin Love,loveke01,PF,30,CLE,22,21,598,6.6,17,0.385,3.2,8.8,0.361,3.4,8.2,0.412,6.2,6.9,0.904,2,12.4,14.4,2.9,0.4,0.3,2.5,3.3,22.5
313,Kyle Lowry,lowryky01,PG,32,TOR,65,65,2213,4.9,12,0.411,2.6,7.4,0.347,2.4,4.7,0.514,2.6,3.2,0.83,0.7,4.4,5.1,9.2,1.5,0.5,3,2.7,15.1
314,Jordan Loyd,loydjo01,PG,25,TOR,12,0,55,5.2,11.8,0.444,2.6,5.2,0.5,2.6,6.5,0.4,5.9,7.2,0.818,0.7,5.2,5.9,3.9,0,0,1.3,3.3,19
315,Kalin Lucas,lucaska01,PG,29,DET,1,0,6,0,6,0,0,6,0,0,0,,12,12,1,0,18,18,6,0,0,0,6,12
316,Timothé Luwawu-Cabarrot,luwawti01,SF,23,TOT,50,7,669,4.4,11.7,0.376,1.9,6.2,0.31,2.5,5.5,0.451,1.7,2.2,0.756,0.6,4.6,5.2,1.4,1,0.4,1.1,3.9,12.4
317,Tyler Lydon,lydonty01,PF,22,DEN,25,0,94,3.4,6.9,0.5,1.5,3.8,0.4,1.9,3.1,0.625,0.4,1.1,0.333,2.7,4.2,6.9,2.3,0.8,0,1.5,3.8,8.8
318,Trey Lyles,lylestr01,PF,23,DEN,64,2,1120,6.7,15.9,0.418,1.6,6.4,0.255,5,9.5,0.529,2.6,3.7,0.698,1.4,6.5,7.9,2.8,1,0.7,2.2,3,17.6
319,Scott Machado,machasc01,PG,28,LAL,4,0,19,7.6,11.4,0.667,1.9,1.9,1,5.7,9.5,0.6,1.9,1.9,1,0,0,0,5.7,1.9,0,0,3.8,18.9
320,Shelvin Mack,macksh01,PG,28,TOT,57,3,1246,4.7,11.6,0.404,1.3,3.8,0.354,3.4,7.9,0.429,1.7,2.4,0.69,0.5,2.5,3,5.3,1.4,0.1,1.9,2.4,12.4
321,Daryl Macon,maconda01,SG,23,DAL,8,0,90,4,10.8,0.37,2,4.4,0.455,2,6.4,0.313,1.6,2.8,0.571,0.8,4,4.8,2.8,0.4,0,2.4,3.2,11.6
322,J.P. Macura,macurjp01,SG,23,CHO,2,0,17,6.4,19.1,0.333,0,8.5,0,6.4,10.6,0.6,0,0,,0,6.4,6.4,4.2,0,0,0,0,12.7
323,Ian Mahinmi,mahinia01,C,32,WAS,34,6,498,3.4,7.5,0.452,0.2,1.2,0.188,3.2,6.4,0.5,3,4.4,0.689,3.5,5.8,9.3,1.8,1.8,1.2,1.5,6.1,10
324,Thon Maker,makerth01,C-PF,21,TOT,64,5,972,4,9.9,0.407,1.8,5.7,0.32,2.2,4.3,0.522,2.1,3.1,0.667,1.5,6,7.5,1.7,0.8,1.9,1.2,3.9,12
325,Boban Marjanovi?,marjabo01,C,30,TOT,58,12,681,8.5,13.7,0.615,0.2,0.5,0.4,8.2,13.2,0.624,5.2,6.9,0.748,4.6,9.4,14,2.9,0.8,1.4,3.1,4.8,22.3
326,Lauri Markkanen,markkla01,PF,21,CHI,52,51,1682,7.3,17,0.43,2.6,7.1,0.361,4.8,9.9,0.479,3.6,4.2,0.872,1.6,8.5,10.1,1.6,0.8,0.7,1.8,2.6,20.8
327,Jarell Martin,martija01,PF,24,ORL,42,1,328,4.7,11.4,0.413,2.2,6.3,0.351,2.5,5.2,0.489,1,1.2,0.818,1.2,6.8,8,2,0.3,0.9,1.2,5.6,12.6
328,Frank Mason III,masonfr01,PG,24,SAC,38,0,435,5.9,14,0.42,1.2,5.3,0.219,4.7,8.7,0.543,3.2,4.7,0.684,0.5,3.1,3.6,7,1.3,0.3,3,2.8,16.1
329,Yante Maten,matenya01,PF,22,MIA,2,0,13,2.8,11.1,0.25,0,2.8,0,2.8,8.3,0.333,0,0,,2.8,5.5,8.3,0,2.8,0,0,0,5.5
330,Wesley Matthews,matthwe02,SF-SG,32,TOT,69,68,2091,4.8,12,0.4,2.6,6.9,0.372,2.2,5.1,0.437,2.3,2.8,0.81,0.6,2.4,2.9,2.8,0.9,0.3,1.6,2.8,14.5
331,Luc Mbah a Moute,mbahalu01,PF,32,LAC,4,0,61,4.7,10.6,0.444,1.2,3.5,0.333,3.5,7.1,0.5,1.2,3,0.4,1.2,3,4.1,1.2,0.6,0.6,1.2,4.7,11.8
332,Tahjere McCall,mccalta01,SG,24,BRK,1,0,8,9,13.5,0.667,0,4.5,0,9,9,1,0,4.5,0,0,4.5,4.5,0,0,0,0,9,18
333,Patrick McCaw,mccawpa01,SG,23,TOT,29,1,397,2.4,5.7,0.413,0.8,2.5,0.321,1.5,3.2,0.486,1.2,1.4,0.867,0.6,3.7,4.4,2.6,2.1,0.2,1.5,3.4,6.7
334,CJ McCollum,mccolcj01,SG,27,POR,70,70,2375,8.7,18.8,0.459,2.5,6.7,0.375,6.1,12.1,0.506,2.4,2.9,0.828,0.9,3.3,4.3,3.1,0.8,0.4,1.6,2.6,22.3
335,T.J. McConnell,mccontj01,PG,26,PHI,76,3,1470,5.4,10.3,0.525,0.3,1,0.333,5,9.2,0.546,0.7,0.9,0.784,0.7,3.6,4.3,6.3,1.9,0.4,2.2,2.6,11.8
336,Doug McDermott,mcderdo01,SF,27,IND,77,1,1340,5.6,11.3,0.491,2.3,5.5,0.408,3.3,5.8,0.569,1.8,2.1,0.835,0.5,2.5,2.9,1.8,0.5,0.2,1.1,2.8,15.2
337,JaVale McGee,mcgeeja01,C,31,LAL,75,62,1671,8.6,13.8,0.624,0,0.3,0.083,8.6,13.6,0.634,2.1,3.3,0.632,4.2,8,12.2,1.1,1,3.2,2.3,4.5,19.3
338,Rodney McGruder,mcgruro01,SG,27,MIA,66,45,1550,4.3,10.7,0.403,1.8,5.2,0.351,2.5,5.5,0.453,1.2,1.7,0.722,1.4,4.1,5.5,2.6,0.8,0.3,1.5,2.7,11.7
339,Alfonzo McKinnie,mckinal01,SF,26,GSW,72,5,1003,4.8,9.9,0.487,1.5,4.2,0.356,3.3,5.6,0.586,1,1.7,0.563,2.9,6,8.9,1.1,0.6,0.5,1.1,4.8,12.1
340,Ben McLemore,mclembe01,SG,25,SAC,19,0,158,5.7,14.6,0.391,3.9,9.3,0.415,1.8,5.2,0.348,1.8,2.7,0.667,0.7,3.2,3.9,0.9,1.4,0.7,1.1,5,17.1
341,Jordan McRae,mcraejo01,SG,27,WAS,27,0,333,6.6,14.1,0.469,1.1,3.8,0.286,5.5,10.3,0.537,3,3.8,0.8,0.6,3.7,4.3,3.2,1.4,0.8,1.6,2.8,17.3
342,Jodie Meeks,meeksjo01,SG,31,TOR,8,0,104,7.3,13.5,0.538,2.8,6.2,0.444,4.5,7.3,0.619,0.3,0.3,1,0.3,3.8,4.2,2.8,0.3,0.3,0.7,1.7,17.7
343,Salah Mejri,mejrisa01,C,32,DAL,36,4,399,5,10.1,0.491,1,3.1,0.324,4,7,0.564,1.8,2.9,0.625,3.2,8.6,11.8,3.2,0.9,2.3,1.9,5,12.7
344,De'Anthony Melton,meltode01,PG,20,PHO,50,31,984,3.7,9.4,0.391,1.1,3.5,0.305,2.6,5.9,0.441,0.8,1,0.75,0.9,4,4.9,5.8,2.5,0.8,2.7,4.1,9.1
345,Chimezie Metu,metuch01,PF,21,SAS,29,0,145,4.7,14.4,0.328,0,0.5,0,4.7,13.9,0.339,3.2,4.2,0.765,2.2,6.7,8.9,3.2,1.5,0.5,3.7,3.5,12.7
346,Khris Middleton,middlkh01,SF,27,MIL,77,77,2393,7.6,17.3,0.441,2.7,7.1,0.378,4.9,10.1,0.485,3.2,3.9,0.837,0.8,6.2,6.9,5,1.2,0.1,2.6,2.6,21.2
347,C.J. Miles,milescj01,SF,31,TOT,53,1,856,4.7,13.1,0.36,2.8,8.5,0.33,1.9,4.5,0.417,2,2.4,0.828,0.5,3.4,4,1.5,1.1,0.6,1.3,3.3,14.3
348,Darius Miller,milleda01,SF,28,NOP,69,15,1757,3.9,9.9,0.39,2.7,7.5,0.365,1.1,2.5,0.467,1.1,1.5,0.789,0.3,2.3,2.6,3,0.8,0.5,1.2,3.4,11.6
349,Malcolm Miller,millema01,SF,25,TOR,10,0,67,5.9,14,0.423,5.4,11.3,0.476,0.5,2.7,0.2,1.6,2.1,0.75,0.5,2.1,2.7,0.5,0.5,0.5,0.5,2.7,18.8
350,Patty Mills,millspa02,PG,30,SAS,82,1,1908,5.3,12.5,0.425,3,7.6,0.394,2.3,4.9,0.475,1.7,1.9,0.854,0.5,3,3.4,4.6,0.9,0.2,1.8,2.4,15.3
351,Paul Millsap,millspa01,PF,33,DEN,70,65,1895,6.1,12.6,0.484,1.1,3,0.365,5,9.6,0.522,3.4,4.7,0.727,2.9,6.7,9.6,2.7,1.6,1,1.8,3.5,16.8
352,Shake Milton,miltosh01,SG,22,PHI,20,0,268,4.6,11.7,0.391,1.9,5.9,0.318,2.7,5.8,0.465,0.7,0.9,0.714,1.2,3.5,4.7,2.4,1.1,1.1,0.8,3.9,11.7
353,Nikola Mirotic,mirotni01,PF,27,TOT,46,25,1245,6.9,15.7,0.439,3.4,9.2,0.365,3.5,6.5,0.545,3,3.6,0.847,1.7,8.1,9.8,1.6,0.9,1,1.4,3.1,20.2
354,Donovan Mitchell,mitchdo01,SG,22,UTA,77,77,2598,9.2,21.2,0.432,2.6,7.2,0.362,6.6,14,0.468,4.4,5.5,0.806,0.8,3.6,4.4,4.5,1.5,0.4,3,2.9,25.3
355,Naz Mitrou-Long,mitrona01,SG,25,UTA,14,0,84,2.6,8.6,0.3,0.9,4.7,0.182,1.7,3.9,0.444,0.9,0.9,1,0.4,2.1,2.6,6.4,0.4,0.4,3.4,4.3,6.9
356,Malik Monk,monkma01,SG,20,CHO,73,0,1258,6.5,16.8,0.387,3.1,9.4,0.33,3.4,7.3,0.461,2.6,2.9,0.882,0.5,3.5,3.9,3.3,1.1,0.5,2.5,3,18.7
357,Greg Monroe,monrogr01,C,28,TOT,43,2,480,6.9,14.2,0.487,0.1,0.4,0.2,6.8,13.8,0.495,3.4,5.4,0.625,5,7.9,12.9,1.8,1,0.6,2.4,5,17.2
358,E'Twaun Moore,mooreet01,SG,29,NOP,53,36,1463,6.3,13.1,0.481,1.9,4.3,0.432,4.4,8.8,0.506,1.1,1.5,0.763,0.9,2.3,3.1,2.5,1,0.2,1.5,2.8,15.6
359,Eric Moreland,moreler01,PF,27,TOT,5,0,43,2.5,5.9,0.429,0.8,0.8,1,1.7,5,0.333,0,0,,3.3,13.4,16.7,3.3,0.8,0.8,4.2,7.5,5.9
360,Jaylen Morris,morrija01,SG,23,MIL,4,0,29,5,12.4,0.4,1.2,3.7,0.333,3.7,8.7,0.429,1.2,2.5,0.5,0,6.2,6.2,5,2.5,0,1.2,1.2,12.4
361,Marcus Morris,morrima03,PF,29,BOS,75,53,2091,6.5,14.5,0.447,2.5,6.7,0.375,4,7.8,0.508,2.5,3,0.844,1.3,6.6,7.9,1.9,0.7,0.4,1.6,3.1,18
362,Markieff Morris,morrima02,PF,29,TOT,58,16,1270,5.8,13.7,0.421,1.9,5.8,0.335,3.9,8,0.484,2,2.6,0.772,1.7,5.8,7.5,2.2,1,0.6,1.5,5,15.5
363,Monte Morris,morrimo01,PG,23,DEN,82,6,1970,6.3,12.8,0.493,1.7,4.1,0.414,4.6,8.7,0.531,1.2,1.5,0.802,0.6,2.9,3.5,5.4,1.3,0.1,1,1.9,15.6
364,Donatas Motiej?nas,motiedo01,PF,28,SAS,3,0,13,8.3,16.6,0.5,0,0,,8.3,16.6,0.5,0,5.5,0,5.5,2.8,8.3,2.8,0,2.8,8.3,16.6,16.6
365,Johnathan Motley,motlejo01,PF,23,LAC,22,0,156,9,16.8,0.534,0,0.7,0,9,16.2,0.557,5.5,9.2,0.6,4.2,7.6,11.8,2.5,1.2,0.7,3.7,6.2,23.5
366,Emmanuel Mudiay,mudiaem01,PG,22,NYK,59,42,1607,7.4,16.6,0.446,1.5,4.7,0.329,5.8,11.9,0.492,3.2,4.2,0.774,0.7,3.7,4.4,5.1,1,0.4,3.1,2.3,19.6
367,Jamal Murray,murraja01,PG,21,DEN,75,74,2447,7.5,17.3,0.437,2.2,6.1,0.367,5.3,11.2,0.476,2.8,3.3,0.848,1,3.7,4.7,5.3,1,0.4,2.3,2.3,20.1
368,Džanan Musa,musadz01,SG,19,BRK,9,0,39,8.3,20.3,0.409,0.9,9.2,0.1,7.4,11.1,0.667,0,1.8,0,0.9,3.7,4.6,1.8,1.8,0,3.7,0.9,17.5
369,Mike Muscala,muscami01,PF,27,TOT,64,10,1306,4,10,0.402,2.5,7.1,0.348,1.5,2.9,0.533,1.9,2.3,0.824,1.6,5.2,6.7,2.1,0.6,1,1.3,3.6,12.4
370,Sviatoslav Mykhailiuk,mykhasv01,SF,21,TOT,42,0,440,3.8,11.5,0.329,2.4,7.3,0.326,1.4,4.2,0.333,1,1.6,0.6,0.7,2.2,2.9,3,1.1,0.1,1.7,2,10.9
371,Abdel Nader,naderab01,SF,25,OKC,61,1,694,4.7,11.2,0.423,1.7,5.2,0.32,3.1,6,0.513,1.4,1.9,0.75,0.7,5.3,6,1,1,0.6,1.3,3.5,12.5
372,Larry Nance Jr.,nancela02,C,26,CLE,67,30,1795,5,9.6,0.52,0.7,2,0.337,4.3,7.6,0.567,1.9,2.7,0.716,3.4,7.7,11.1,4.3,2,0.8,1.9,3.9,12.6
373,Shabazz Napier,napiesh01,PG,27,BRK,56,2,983,6.2,15.9,0.389,2.8,8.3,0.333,3.4,7.6,0.449,4.2,5.1,0.833,0.7,3,3.7,5.2,1.5,0.6,2.4,2.5,19.4
374,Raul Neto,netora01,PG,26,UTA,37,1,474,5.6,12.2,0.46,1.5,4.6,0.333,4.1,7.7,0.535,2.1,2.5,0.848,0.5,4.3,4.7,7.1,1.1,0.3,2.7,3.7,14.9
375,Georges Niang,niangge01,PF,25,UTA,59,0,516,6,12.6,0.475,3,7.3,0.41,3,5.3,0.566,1.4,1.7,0.833,0.8,5.3,6.1,2.4,0.7,0.4,1.6,4,16.4
376,Joakim Noah,noahjo01,C,33,MEM,42,1,693,5.7,11.1,0.516,0,0.1,0,5.7,11,0.519,4.1,5.7,0.716,3,9.4,12.4,4.6,1,1.6,2.6,5,15.5
377,Nerlens Noel,noelne01,C,24,OKC,77,2,1055,5.5,9.4,0.587,0,0,,5.5,9.4,0.587,1.8,2.7,0.684,4.3,6.8,11.1,1.5,2.3,3.3,1.6,5.7,12.9
378,Dirk Nowitzki,nowitdi01,PF,40,DAL,51,20,795,6.1,17,0.359,2.9,9.3,0.312,3.2,7.7,0.415,1.8,2.3,0.78,0.2,6.9,7.2,1.6,0.4,0.8,0.8,3.4,16.9
379,Frank Ntilikina,ntilila01,PG,20,NYK,43,16,904,3.8,11.2,0.337,1.3,4.6,0.287,2.5,6.7,0.371,0.9,1.2,0.767,0.5,3,3.5,4.8,1.2,0.6,2.2,4.1,9.8
380,James Nunnally,nunnaja01,SF,28,TOT,15,0,102,4.2,12,0.353,2.8,8.8,0.32,1.4,3.2,0.444,1.4,1.4,1,0,1.8,1.8,2.5,0.4,0,0.4,3.5,12.7
381,Jusuf Nurkic,nurkiju01,C,24,POR,72,72,1974,7.7,15.1,0.508,0.1,0.5,0.103,7.6,14.5,0.523,5.1,6.7,0.773,4.4,9.2,13.6,4.2,1.3,1.9,3.1,4.6,20.5
382,David Nwaba,nwabada01,SG,26,CLE,51,14,984,4.6,9.6,0.481,0.9,2.7,0.32,3.7,6.8,0.545,2.1,3.1,0.682,1.5,4.5,6,2,1.3,0.6,1.1,3.9,12.2
383,Royce O'Neale,onealro01,SF,25,UTA,82,16,1671,3.5,7.4,0.475,1.5,3.8,0.386,2,3.6,0.569,0.7,0.9,0.762,0.5,5.7,6.1,2.7,1.2,0.5,1.5,3.7,9.2
384,Kyle O'Quinn,oquinky01,C,28,IND,45,3,371,6.7,13.2,0.507,0.1,1.2,0.083,6.6,12,0.548,1.6,2,0.81,2.8,8.7,11.5,5.4,0.9,2.4,3,6.6,15.1
385,Semi Ojeleye,ojelese01,PF,24,BOS,56,3,594,4.1,9.6,0.424,1.7,5.4,0.315,2.4,4.2,0.565,1.5,2.4,0.615,1.5,3.8,5.2,1.4,0.6,0.2,1.2,2.6,11.3
386,Jahlil Okafor,okafoja01,C,23,NOP,59,24,935,8.2,13.9,0.586,0,0.2,0.2,8.1,13.7,0.591,2.3,3.4,0.663,3.2,7.5,10.7,1.5,0.6,1.5,2,3.7,18.6
387,Elie Okobo,okoboel01,PG,21,PHO,53,16,958,4.3,10.9,0.393,1.5,5,0.295,2.8,5.9,0.475,1.4,1.8,0.787,0.5,3.2,3.7,4.8,1.2,0.3,2.6,4.1,11.4
388,Josh Okogie,okogijo01,SG,20,MIN,74,52,1757,4,10.4,0.386,1.2,4.4,0.279,2.8,6,0.464,2.4,3.3,0.728,0.8,3.6,4.5,1.9,1.8,0.7,1.3,3.4,11.7
389,Victor Oladipo,oladivi01,SG,26,IND,36,36,1147,7.8,18.5,0.423,2.3,6.8,0.343,5.5,11.7,0.47,3.2,4.4,0.73,0.7,5.7,6.3,5.8,1.9,0.3,2.6,2.3,21.2
390,Kelly Olynyk,olynyke01,PF,27,MIA,79,36,1812,5.2,11.2,0.463,2.2,6.3,0.354,2.9,4.9,0.604,3,3.7,0.822,1.4,6,7.5,2.8,1.1,0.7,2.3,3.6,15.6
391,Cedi Osman,osmande01,SF,23,CLE,76,75,2444,5.3,12.4,0.427,1.9,5.5,0.348,3.4,6.9,0.489,2.1,2.7,0.779,0.7,4.6,5.3,2.9,0.9,0.2,1.7,2.9,14.6
392,Kelly Oubre Jr.,oubreke01,SF,23,TOT,69,19,1935,7,15.7,0.445,2,6.3,0.32,5,9.4,0.53,3.5,4.5,0.775,1.3,4.7,6,1.6,1.6,1.1,1.9,3.4,19.5
393,Zaza Pachulia,pachuza01,C,34,DET,68,3,878,3.5,7.9,0.44,0,0.2,0,3.5,7.7,0.45,4,5.1,0.782,4.1,6.8,10.9,3.7,1.3,0.7,2.3,6.2,10.9
394,Jabari Parker,parkeja01,PF,23,TOT,64,17,1724,7.7,15.6,0.493,1.3,4.1,0.313,6.4,11.6,0.556,2.7,3.8,0.712,1.6,7.1,8.8,3.2,1,0.6,3.2,3,19.4
395,Tony Parker,parketo01,PG,36,CHO,56,0,1003,7.6,16.6,0.46,0.5,1.8,0.255,7.2,14.8,0.485,3.3,4.5,0.734,0.5,2.5,3,7.4,0.8,0.3,2.7,1.9,19
396,Chandler Parsons,parsoch01,SF,30,MEM,25,3,496,4.9,13.2,0.374,2.1,6.8,0.309,2.8,6.4,0.443,1.6,1.8,0.88,0.3,4.8,5.1,3.1,1.4,0.4,2.3,3.3,13.6
397,Patrick Patterson,pattepa01,PF,29,OKC,63,5,861,3.4,9.2,0.374,1.9,5.7,0.336,1.5,3.4,0.439,0.8,1.3,0.633,1.8,4.4,6.1,1.3,0.7,0.5,0.9,1.9,9.6
398,Justin Patton,pattoju01,C,21,PHI,3,0,21,3.4,12,0.286,0,3.4,0,3.4,8.6,0.4,1.7,3.4,0.5,3.4,6.9,10.3,5.1,3.4,0,0,8.6,8.6
399,Chris Paul,paulch01,PG,33,HOU,58,58,1857,5.9,14,0.419,2.5,6.9,0.358,3.4,7.1,0.479,3.4,3.9,0.862,0.7,4.4,5.1,9.2,2.2,0.3,2.9,2.8,17.6
400,Cameron Payne,payneca01,PG,24,TOT,40,13,712,4.9,11.3,0.43,1.3,4.2,0.298,3.6,7,0.511,1.7,2.1,0.805,0.7,3,3.6,5.4,1.4,0.5,2.3,3.2,12.6
401,Elfrid Payton,paytoel01,PG,24,NOP,42,42,1250,5.2,11.9,0.434,1,3,0.314,4.2,8.8,0.476,1.6,2.1,0.743,1.4,4.9,6.3,9.2,1.3,0.5,3.2,2.3,12.8
402,Gary Payton II,paytoga02,PG,26,WAS,3,0,16,11.3,18,0.625,2.3,4.5,0.5,9,13.5,0.667,0,0,,2.3,2.3,4.5,9,6.8,2.3,2.3,4.5,24.8
403,Theo Pinson,pinsoth01,SG,23,BRK,18,0,211,4.3,12.5,0.342,2,7.8,0.261,2.2,4.6,0.481,3.2,3.8,0.864,0.7,5.5,6.1,3.6,1,0,3.1,2.6,13.8
404,Mason Plumlee,plumlma01,C,28,DEN,82,17,1731,5.4,9.2,0.593,0,0.2,0.2,5.4,9,0.602,2.3,4.1,0.561,3.4,7.5,10.9,5.1,1.4,1.6,2.6,5.2,13.2
405,Miles Plumlee,plumlmi01,C,30,ATL,18,0,173,6.7,10,0.667,0,0,,6.7,10,0.667,3.3,6.2,0.533,3.3,4.8,8.1,3.5,1.2,0.8,2.1,2.9,16.6
406,Jakob Poeltl,poeltja01,C,23,SAS,77,24,1273,5.3,8.2,0.645,0,0,,5.3,8.2,0.645,1.4,2.6,0.533,5,6.6,11.6,2.6,0.8,1.9,1.4,3.5,12
407,Quincy Pondexter,pondequ01,SF,30,SAS,53,0,292,3.6,7.2,0.5,0.7,2.2,0.333,2.8,4.9,0.575,4.2,5.2,0.81,1,4.7,5.7,3,1.4,0.1,1.6,3,12.1
408,Otto Porter,porteot01,SF,25,TOT,56,43,1683,6.4,13.8,0.465,2.2,5.5,0.406,4.2,8.3,0.504,1.7,2.1,0.813,1.2,5.6,6.7,2.6,1.8,0.7,1.4,2.3,16.7
409,Bobby Portis,portibo01,PF,23,TOT,50,28,1299,7.7,17.4,0.444,2.1,5.3,0.393,5.7,12.1,0.467,2.1,2.7,0.794,3,8.1,11.2,2,1,0.6,2.1,4,19.7
410,Dwight Powell,poweldw01,C,27,DAL,77,22,1662,6.3,10.5,0.597,0.8,2.8,0.307,5.4,7.8,0.699,4.2,5.5,0.772,3,5.9,8.9,2.4,1,1.1,1.5,4.4,17.7
411,Norman Powell,powelno01,SG,25,TOR,60,3,1126,6.2,12.8,0.483,2.2,5.4,0.4,4,7.4,0.543,2,2.4,0.827,0.5,3.9,4.4,2.9,1.2,0.4,2.1,3.1,16.5
412,Alex Poythress,poythal01,PF,25,ATL,21,1,305,4.7,9.6,0.494,1.1,2.7,0.391,3.7,6.8,0.534,2.1,3.4,0.621,3.4,5.5,9,2,0.5,1.2,1.5,5.5,12.6
413,Zhou Qi,qizh01,PF,23,HOU,1,0,1,36,36,1,0,0,,36,36,1,0,0,,0,0,0,0,0,0,0,0,72
414,Ivan Rabb,rabbiv01,PF,21,MEM,49,13,721,5.8,10.6,0.547,0.1,0.7,0.2,5.6,9.8,0.574,2.4,3.4,0.71,3.5,6.8,10.3,2.7,0.8,0.7,1.7,4.5,14.2
415,Chasson Randle,randlch01,PG,25,WAS,49,2,743,4.4,10.5,0.419,2.2,5.6,0.4,2.2,4.9,0.441,2.1,3,0.694,0.5,2.2,2.7,4.7,1.2,0.1,2.1,4.4,13.1
416,Julius Randle,randlju01,PF,24,NOP,73,49,2232,9.2,17.6,0.524,1.1,3.1,0.344,8.1,14.4,0.564,5.7,7.9,0.731,2.6,7.6,10.2,3.7,0.8,0.7,3.4,4,25.2
417,J.J. Redick,redicjj01,SG,34,PHI,76,63,2379,6.8,15.5,0.44,3.6,9.2,0.397,3.2,6.4,0.502,3.5,3.9,0.894,0.3,2.5,2.8,3.1,0.5,0.3,1.5,2,20.8
418,Davon Reed,reedda01,SG,23,IND,10,0,47,3.8,9.2,0.417,1.5,3.1,0.5,2.3,6.1,0.375,0,0,,1.5,3.1,4.6,2.3,0.8,0,0.8,2.3,9.2
419,Cameron Reynolds,reynoca01,SG,23,MIN,19,0,259,4.6,10.8,0.423,2.9,7.1,0.412,1.7,3.8,0.444,1.1,1.3,0.889,0.6,3.8,4.3,1.8,0.8,0.3,0.7,3.6,13.2
420,Josh Richardson,richajo01,SG,25,MIA,73,73,2539,6,14.5,0.412,2.3,6.5,0.357,3.7,8,0.458,2.8,3.3,0.861,0.8,3,3.7,4.2,1.1,0.5,1.6,2.8,17.1
421,Malachi Richardson,richama01,SG,23,TOR,22,0,103,3.1,10.1,0.31,2.8,8.7,0.32,0.3,1.4,0.25,1.4,1.7,0.8,0.7,3.8,4.5,0,0.3,0,2.8,4.5,10.5
422,Austin Rivers,riverau01,SG,26,TOT,76,15,2028,4.1,10.2,0.406,1.8,5.8,0.318,2.3,4.3,0.522,0.9,1.7,0.526,0.4,2.4,2.9,3,0.8,0.4,1.2,3.7,11
423,Devin Robinson,robinde01,SF,23,WAS,7,0,95,7.2,12.1,0.594,0,0.8,0,7.2,11.4,0.633,3.4,5.3,0.643,2.3,5.3,7.6,2.3,1.5,2.3,0.8,4.2,17.8
424,Duncan Robinson,robindu01,PF,24,MIA,15,1,161,4,10.3,0.391,2.2,7.8,0.286,1.8,2.5,0.727,0.9,1.3,0.667,0.4,3.8,4.2,1.1,1.1,0,0.9,2.5,11.2
425,Glenn Robinson III,robingl02,SF,25,DET,47,18,610,4.4,10.4,0.42,1.1,3.7,0.29,3.3,6.7,0.491,1.9,2.4,0.8,1,3.2,4.2,1.2,0.8,0.5,1.1,2.7,11.7
426,Jerome Robinson,robinje01,SG,21,LAC,33,0,320,5,12.4,0.4,2,6.4,0.316,2.9,6,0.491,0.7,1,0.667,0.3,4.3,4.6,2.1,1.2,0.3,1.5,5.2,12.6
427,Mitchell Robinson,robinmi01,C,20,NYK,66,19,1360,5.3,7.7,0.694,0,0,,5.3,7.7,0.694,2.1,3.6,0.6,4.7,6.5,11.2,1,1.4,4.3,0.9,5.7,12.8
428,Rajon Rondo,rondora01,PG,32,LAL,46,29,1369,4.6,11.4,0.405,1.3,3.7,0.359,3.3,7.6,0.428,0.6,0.9,0.639,0.9,5.5,6.4,9.7,1.5,0.2,3.3,2.6,11.1
429,Derrick Rose,rosede01,PG,30,MIN,51,13,1392,9.4,19.5,0.482,1.4,3.8,0.37,8,15.7,0.509,3.5,4.1,0.856,0.9,2.8,3.6,5.7,0.8,0.3,2.1,1.5,23.7
430,Terrence Ross,rosste01,SG,27,ORL,81,0,2150,7.4,17.2,0.428,3.6,9.5,0.383,3.7,7.7,0.484,2.1,2.4,0.875,0.5,4.2,4.7,2.3,1.2,0.5,1.5,2,20.5
431,Terry Rozier,roziete01,PG,24,BOS,79,14,1791,5.2,13.4,0.387,2.4,6.8,0.353,2.8,6.6,0.422,1.5,1.9,0.785,0.6,5.5,6.2,4.6,1.4,0.4,1.4,2,14.2
432,Ricky Rubio,rubiori01,PG,28,UTA,68,67,1899,5.6,13.8,0.404,1.5,4.8,0.311,4.1,9,0.454,3.7,4.3,0.855,0.6,4,4.6,7.9,1.7,0.2,3.4,3.4,16.4
433,D'Angelo Russell,russeda01,PG,22,BRK,81,81,2448,9.7,22.3,0.434,3.4,9.3,0.369,6.2,13,0.482,2.4,3,0.78,0.8,3.9,4.6,8.3,1.5,0.3,3.7,2.1,25.2
434,Domantas Sabonis,sabondo01,C,22,IND,74,5,1838,8.1,13.7,0.59,0.2,0.3,0.529,7.9,13.4,0.592,4.1,5.7,0.715,3.6,9.9,13.5,4.2,0.9,0.6,3.1,4.7,20.4
435,Brandon Sampson,sampsbr01,SG,21,CHI,14,2,214,4.7,10.1,0.467,1.9,4.9,0.379,2.9,5.2,0.548,0.7,1,0.667,0.5,2.2,2.7,1.7,1.3,0.5,2,3.2,11.9
436,JaKarr Sampson,sampsja02,SF,25,CHI,4,0,127,8.2,15.3,0.537,1.4,4,0.357,6.8,11.3,0.6,4.8,6,0.81,1.4,7.7,9.1,1.1,1.1,0.9,1.1,2.3,22.7
437,Dario Saric,saricda01,PF,24,TOT,81,41,2023,5.4,12.4,0.437,2.1,5.7,0.365,3.3,6.6,0.499,2.3,2.7,0.88,2.2,5.9,8.1,2.3,0.8,0.2,1.7,3.2,15.3
438,Tomas Satoransky,satorto01,PG,27,WAS,80,54,2164,4.3,8.8,0.485,1.1,2.7,0.395,3.2,6.1,0.524,2.2,2.7,0.819,1.4,3.3,4.6,6.6,1.4,0.2,2,2.9,11.8
439,Dennis Schröder,schrode01,PG,25,OKC,79,14,2314,7.1,17.2,0.414,1.9,5.7,0.341,5.2,11.5,0.45,2.9,3.5,0.819,0.6,3.8,4.4,5,1,0.2,2.7,2.9,19
440,Mike Scott,scottmi01,PF,30,TOT,79,3,1395,4.3,10.8,0.4,2.6,6.5,0.401,1.7,4.3,0.399,0.6,0.9,0.667,1.1,6,7.1,1.7,0.7,0.3,1.1,4,11.8
441,Thabo Sefolosha,sefolth01,SF,34,UTA,50,2,609,4.2,8.8,0.477,2,4.6,0.436,2.2,4.2,0.521,0.8,1.3,0.636,0.5,6.8,7.3,1.6,2.5,0.3,1.5,2.4,11.2
442,Wayne Selden,seldewa01,SG,24,TOT,75,13,1439,4.9,12.1,0.406,1.4,4.4,0.316,3.5,7.7,0.456,1.7,2.3,0.728,0.9,3.6,4.5,2.7,0.8,0.3,2,3.3,12.9
443,Collin Sexton,sextoco01,PG,20,CLE,82,72,2605,7.2,16.7,0.43,1.6,4.1,0.402,5.5,12.6,0.44,3,3.5,0.839,0.8,2.5,3.3,3.4,0.6,0.1,2.6,2.6,18.9
444,Landry Shamet,shamela01,SG,21,TOT,79,27,1802,4.8,11.1,0.431,3.3,7.9,0.422,1.5,3.2,0.453,1.5,1.9,0.806,0.4,2.3,2.7,2.3,0.7,0.2,0.9,3.1,14.4
445,Iman Shumpert,shumpim01,SG,28,TOT,62,41,1481,4.1,10.8,0.374,2.3,6.6,0.348,1.8,4.2,0.416,0.9,1.1,0.8,0.7,3.8,4.4,2.7,1.4,0.6,1.2,3.1,11.3
446,Pascal Siakam,siakapa01,PF,24,TOR,80,79,2548,7.3,13.4,0.549,1.1,3,0.369,6.2,10.3,0.602,3.3,4.3,0.785,1.8,6,7.8,3.5,1,0.7,2.2,3.4,19.1
447,Jordan Sibert,siberjo01,SG,26,ATL,1,0,4,9,9,1,9,9,1,0,0,,0,0,,0,0,0,0,0,0,0,0,27
448,Ben Simmons,simmobe01,PG,22,PHI,79,79,2700,7.2,12.8,0.563,0,0.1,0,7.2,12.7,0.566,3.4,5.7,0.6,2.3,7,9.3,8.1,1.5,0.8,3.7,2.8,17.8
449,Jonathon Simmons,simmojo02,SG-SF,29,TOT,56,9,1064,4.5,11.8,0.38,0.9,3.5,0.269,3.6,8.3,0.427,2.4,3.3,0.742,0.9,3.3,4.3,4.3,1,0.5,2.3,3,12.4
450,Kobi Simmons,simmoko01,PG,21,CLE,1,0,2,0,0,,0,0,,0,0,,0,0,,0,0,0,0,0,0,0,0,0
451,Anfernee Simons,simonan01,SG,19,POR,20,1,141,7.1,16.1,0.444,2.6,7.4,0.345,4.6,8.7,0.529,2.3,4.1,0.563,0.8,2.6,3.3,3.3,0.3,0,2.8,2.3,19.1
452,Marcus Smart,smartma01,SG,24,BOS,80,60,2200,3.9,9.3,0.422,2.1,5.7,0.364,1.8,3.6,0.511,1.7,2.1,0.806,0.9,2.9,3.8,5.3,2.3,0.5,2,3.3,11.6
453,Dennis Smith Jr.,smithde03,PG,21,TOT,53,50,1508,6.6,15.5,0.428,1.6,5,0.322,5,10.6,0.477,2.4,3.7,0.635,0.8,2.9,3.7,6,1.6,0.5,3.7,3.1,17.2
454,Ish Smith,smithis01,PG,30,DET,56,0,1251,5.9,14.1,0.419,1.3,3.9,0.326,4.6,10.2,0.455,1.4,1.8,0.758,0.7,3.5,4.2,5.8,0.8,0.3,1.8,3.1,14.4
455,J.R. Smith,smithjr01,SG,33,CLE,11,4,222,4.4,12.8,0.342,1.9,6.3,0.308,2.4,6.5,0.375,1.3,1.6,0.8,0,2.9,2.9,3.4,1.8,0.5,1.8,3.1,12
456,Jason Smith,smithja02,PF-C,32,TOT,20,1,190,4,11.2,0.356,1.7,4.9,0.346,2.3,6.3,0.364,2.7,3,0.875,3,6.8,9.9,2.7,0.6,1.3,2.5,5.7,12.3
457,Zhaire Smith,smithzh01,SG,19,PHI,6,2,111,4.5,11,0.412,1.9,5.2,0.375,2.6,5.8,0.444,1.9,2.6,0.75,1,3.2,4.2,3.2,0.6,0.6,1.9,2.6,13
458,Tony Snell,snellto01,SF,27,MIL,74,12,1304,4.5,10,0.452,2.2,5.6,0.397,2.3,4.3,0.522,1,1.2,0.881,0.8,3.5,4.3,1.9,0.7,0.5,0.6,2.5,12.3
459,Ray Spalding,spaldra01,PF,21,TOT,14,3,148,6.1,11.4,0.532,0,0.7,0,6.1,10.7,0.568,1,2.9,0.333,3.6,8,11.7,1.2,2.2,1.9,2.2,5.6,13.1
460,Omari Spellman,spellom01,PF,21,ATL,46,11,805,4.4,10.9,0.402,2,5.7,0.344,2.4,5.2,0.466,1.4,2,0.711,3.2,5.5,8.7,2.1,1.2,1.1,1.4,3,12.2
461,Nik Stauskas,stausni01,SG,25,TOT,68,0,1015,4.8,12,0.402,2.5,6.7,0.372,2.3,5.3,0.44,2,2.3,0.891,0.6,3.9,4.5,2.9,0.7,0.2,1.8,1.8,14.2
462,D.J. Stephens,stephdj01,SG,28,MEM,1,0,7,5.1,10.3,0.5,0,0,,5.1,10.3,0.5,0,0,,0,0,0,0,5.1,0,5.1,0,10.3
463,Lance Stephenson,stephla01,SG,28,LAL,68,3,1123,5.9,13.8,0.426,2.3,6.3,0.371,3.6,7.5,0.472,1.6,2.3,0.685,1,5.9,6.9,4.5,1.3,0.2,2.8,3.6,15.7
464,Edmond Sumner,sumneed01,PG,23,IND,23,2,210,3.8,11,0.344,1.2,4.6,0.259,2.6,6.3,0.405,2.6,4.1,0.625,1.5,2.6,4.1,1.7,2.1,0.9,1.7,4.5,11.3
465,Caleb Swanigan,swanica01,PF,21,TOT,21,0,178,3.6,10.7,0.34,0.2,1.4,0.143,3.4,9.3,0.37,1.2,1.8,0.667,3.4,9.5,12.9,2.2,1.2,0.2,3.6,5.7,8.7
466,Jayson Tatum,tatumja01,SF,20,BOS,79,79,2455,6.8,15.2,0.45,1.7,4.6,0.373,5.1,10.6,0.483,2.9,3.3,0.855,1,6,7,2.5,1.2,0.8,1.8,2.5,18.2
467,Jeff Teague,teaguje01,PG,30,MIN,42,41,1264,5,11.8,0.423,1,3,0.333,4,8.9,0.453,3.5,4.4,0.804,0.5,2.6,3,9.8,1.2,0.5,2.8,2.6,14.5
468,Garrett Temple,templga01,SG,32,TOT,75,55,2040,3.7,8.7,0.422,1.6,4.7,0.341,2.1,4,0.515,1.4,1.9,0.748,0.5,3.3,3.8,1.9,1.3,0.5,1.2,3.6,10.3
469,Miloš Teodosi?,teodomi01,PG,31,LAC,15,0,150,4.1,9.6,0.425,2.4,6.5,0.37,1.7,3.1,0.538,1,1.7,0.571,0.7,3.1,3.8,7.7,0.7,0.2,5,6.5,11.5
470,Jared Terrell,terreja01,SG,23,MIN,14,0,111,3.9,12.6,0.308,1.3,5.5,0.235,2.6,7.1,0.364,1,1.9,0.5,0.3,1.6,1.9,3.9,1,0.6,3.2,5.2,10.1
471,Emanuel Terry,terryem01,PF,22,TOT,3,0,23,6.3,11,0.571,0,0,,6.3,11,0.571,3.1,6.3,0.5,4.7,6.3,11,3.1,4.7,0,3.1,6.3,15.7
472,Daniel Theis,theisda01,C,26,BOS,66,2,908,5.8,10.5,0.549,1,2.7,0.388,4.8,7.9,0.603,2.2,3,0.737,3.4,5.5,8.9,2.7,0.8,1.7,1.3,6.4,14.8
473,Isaiah Thomas,thomais02,SG,29,DEN,12,0,181,6.8,19.7,0.343,2.4,8.6,0.279,4.4,11.1,0.393,3.4,5.4,0.63,1,1.6,2.6,4.6,1,0.2,3.6,3.4,19.3
474,Khyri Thomas,thomakh01,SG,22,DET,26,0,195,4.1,12.7,0.319,1.8,6.5,0.286,2.2,6.3,0.353,1.3,2,0.636,0.7,3,3.7,1.5,1.3,0.9,0.7,4.1,11.3
475,Lance Thomas,thomala01,PF,30,NYK,46,17,783,3.6,9.1,0.396,1,3.6,0.278,2.6,5.4,0.475,1.2,1.7,0.75,1,4.4,5.4,1.2,0.8,0.3,1.1,3.8,9.4
476,Klay Thompson,thompkl01,SG,28,GSW,78,78,2652,8.9,19,0.467,3.3,8.1,0.402,5.6,10.9,0.516,1.8,2.1,0.816,0.5,3.6,4.1,2.5,1.1,0.6,1.6,2.1,22.8
477,Tristan Thompson,thomptr01,C,27,CLE,43,40,1198,6,11.4,0.529,0,0,,6,11.4,0.529,2,3.2,0.642,5.2,8,13.2,2.6,0.8,0.5,1.8,2.7,14.1
478,Sindarius Thornwell,thornsi01,SG,24,LAC,64,1,313,2,5.6,0.347,0.3,1.7,0.2,1.6,3.9,0.412,2.9,3.9,0.735,0.6,4.5,5.1,2.1,1.6,0.8,2.3,4.7,7.1
479,Anthony Tolliver,tollian01,PF,33,MIN,65,0,1079,3.3,8.6,0.382,2.7,7.2,0.377,0.6,1.5,0.409,1.6,2,0.783,0.5,5.4,5.9,1.5,0.6,0.7,1.2,3,10.9
480,Karl-Anthony Towns,townska01,C,23,MIN,77,77,2545,9.6,18.6,0.518,2,5,0.4,7.6,13.6,0.562,5.3,6.4,0.836,3.7,9.8,13.5,3.7,0.9,1.8,3.4,4.1,26.6
481,Gary Trent Jr.,trentga02,SG,20,POR,15,1,111,5.2,16.2,0.32,1.6,6.8,0.238,3.6,9.4,0.379,1,2.3,0.429,0.3,3.2,3.6,1.6,0.3,0.6,1.3,1.3,13
482,Allonzo Trier,trieral01,SG,23,NYK,64,3,1459,5.7,12.8,0.448,1.3,3.3,0.394,4.4,9.5,0.466,4.4,5.5,0.803,0.8,4.1,4.9,2.9,0.7,0.3,2.9,2.9,17.1
483,P.J. Tucker,tuckepj01,PF,33,HOU,82,82,2802,2.7,6.7,0.396,1.9,5,0.377,0.8,1.7,0.449,0.5,0.8,0.695,1.6,4.6,6.2,1.2,1.7,0.5,0.8,3.2,7.7
484,Evan Turner,turneev01,PG,30,POR,73,2,1605,4.6,9.9,0.46,0.2,1.2,0.212,4.3,8.8,0.494,1.7,2.4,0.708,0.8,6.5,7.4,6.3,0.7,0.4,2.6,2.5,11.1
485,Myles Turner,turnemy01,C,22,IND,74,74,2119,6.5,13.3,0.487,1.3,3.3,0.388,5.2,9.9,0.521,2.5,3.4,0.736,1.7,7.3,9,2,1,3.4,1.7,3.3,16.7
486,Ekpe Udoh,udohek01,C,31,UTA,51,1,320,5.6,8.1,0.694,0,0,,5.6,8.1,0.694,2.1,3.4,0.633,3,7.1,10.1,3.2,1.1,3.5,1.5,4.1,13.4
487,Tyler Ulis,ulisty01,PG,23,CHI,1,0,1,0,0,,0,0,,0,0,,0,0,,0,0,0,0,0,0,0,0,0
488,Jonas Valanciunas,valanjo01,C,26,TOT,49,27,1091,9.9,17.8,0.559,0.5,1.6,0.292,9.5,16.2,0.586,4.9,6.1,0.795,3.5,10.3,13.8,2.3,0.6,1.7,3,4.8,25.2
489,Jarred Vanderbilt,vandeja01,PF,19,DEN,17,0,69,4.7,9.9,0.474,0,0.5,0,4.7,9.4,0.5,3.1,5.2,0.6,3.7,8.3,12,1.6,3.1,0.5,4.2,4.2,12.5
490,Fred VanVleet,vanvlfr01,PG,24,TOR,64,28,1760,5,12.3,0.41,2.3,6.1,0.378,2.7,6.2,0.441,2,2.4,0.843,0.4,3,3.4,6.3,1.2,0.4,1.7,2.3,14.3
491,Noah Vonleh,vonleno01,PF,23,NYK,68,57,1722,4.3,9.2,0.47,1,2.9,0.336,3.4,6.3,0.531,2.3,3.3,0.712,2.4,8.7,11,2.7,1,1.1,1.8,3.6,11.9
492,Nikola Vucevic,vucevni01,C,28,ORL,80,80,2510,10.1,19.4,0.518,1.2,3.3,0.364,8.8,16.1,0.549,2.6,3.3,0.789,3.2,10.6,13.8,4.4,1.2,1.3,2.3,2.3,23.9
493,Dwyane Wade,wadedw01,SG,37,MIA,72,2,1885,7.9,18.3,0.433,1.6,5,0.33,6.3,13.3,0.472,3.2,4.4,0.708,1.3,4.1,5.4,5.7,1.1,0.7,3.2,2.3,20.7
494,Moritz Wagner,wagnemo01,C,21,LAL,43,5,446,5.7,13.8,0.415,1.8,6.2,0.286,4,7.6,0.521,3.5,4.3,0.811,1.4,5.5,6.9,1.9,0.9,1,3.1,4.6,16.7
495,Dion Waiters,waitedi01,SG,27,MIA,44,28,1138,6.3,15.1,0.414,3.4,9.1,0.377,2.8,6,0.471,0.7,1.4,0.5,0.2,3.4,3.7,3.8,0.9,0.3,2,2.3,16.7
496,Kemba Walker,walkeke02,PG,28,CHO,82,82,2863,9.2,21.2,0.434,3.3,9.2,0.356,5.9,12,0.494,4.8,5.7,0.844,0.7,3.9,4.5,6.1,1.3,0.4,2.7,1.6,26.4
497,Lonnie Walker,walkelo01,SG,20,SAS,17,0,118,4.9,14,0.348,1.5,4,0.385,3.4,10.1,0.333,2.4,3.1,0.8,0,5.2,5.2,2.7,2.1,0.9,1.2,2.1,13.7
498,John Wall,walljo01,PG,28,WAS,32,32,1104,8,18,0.444,1.7,5.5,0.302,6.3,12.5,0.507,4,5.7,0.697,0.5,3.3,3.8,9.1,1.6,0.9,3.9,2.3,21.6
499,Tyrone Wallace,wallaty01,PG,24,LAC,62,0,628,5.3,12.4,0.424,0.2,1.1,0.211,5,11.4,0.444,1.7,3.3,0.526,1.1,4.6,5.8,2.4,1.2,0.4,2.1,4.8,12.5
500,Taurean Prince,princta02,SF,24,ATL,55,47,1552,6.1,13.8,0.441,2.9,7.3,0.39,3.2,6.5,0.498,2.2,2.7,0.819,0.5,4.1,4.6,2.7,1.2,0.4,2.3,3.3,17.2
501,Brad Wanamaker,wanambr01,PG,29,BOS,36,0,343,5.2,11,0.476,1.7,4.1,0.41,3.6,6.9,0.515,2.5,2.9,0.857,0.3,4,4.3,5.9,1.3,0.2,2,3.6,14.7
502,T.J. Warren,warretj01,SF,25,PHO,43,36,1360,7.9,16.2,0.486,2,4.8,0.428,5.8,11.4,0.51,2.7,3.3,0.815,0.8,3.8,4.6,1.7,1.4,0.8,1.4,3.2,20.4
503,Julian Washburn,washbju01,SF,27,MEM,18,3,254,2.3,6.8,0.333,0.7,3.4,0.208,1.6,3.4,0.458,0.4,0.6,0.75,1.1,4.7,5.8,2,1.8,0.3,1,2.3,5.7
504,Yuta Watanabe,watanyu01,SF,24,MEM,15,0,174,3.1,10.6,0.294,0.4,3.3,0.125,2.7,7.2,0.371,1.4,2.1,0.7,0.8,5.6,6.4,1.7,0.8,0.2,1.2,2.3,8.1
505,Thomas Welsh,welshth01,C,22,DEN,11,0,36,7,13,0.538,3,7,0.429,4,6,0.667,1,2,0.5,0,4,4,5,0,0,1,3,18
506,Russell Westbrook,westbru01,PG,30,OKC,73,73,2630,8.6,20.2,0.428,1.6,5.6,0.29,7,14.5,0.481,4.1,6.2,0.656,1.5,9.6,11,10.7,1.9,0.5,4.4,3.4,22.9
507,Derrick White,whitede01,PG,24,SAS,67,55,1728,5.4,11.3,0.479,1,3,0.338,4.4,8.4,0.529,2,2.6,0.772,0.7,4.4,5.1,5.5,1.4,1,2,3,13.8
508,Okaro White,whiteok01,PF,26,WAS,3,0,6,0,12,0,0,12,0,0,0,,0,0,,6,6,12,0,0,0,0,0,0
509,Hassan Whiteside,whiteha01,C,29,MIA,72,53,1674,8.3,14.6,0.571,0,0.3,0.125,8.3,14.3,0.581,2.3,5.2,0.449,5.5,12,17.6,1.2,1,2.9,2.1,4.1,19.1
510,Andrew Wiggins,wiggian01,SF,23,MIN,73,73,2543,7,17.1,0.412,1.7,4.9,0.339,5.4,12.2,0.441,2.9,4.2,0.699,1.2,3.8,5,2.6,1,0.7,2,2.2,18.7
511,Alan Williams,willial03,PF,26,BRK,5,0,26,11.1,18,0.615,0,1.4,0,11.1,16.6,0.667,2.8,5.5,0.5,5.5,20.8,26.3,4.2,1.4,0,1.4,2.8,24.9
512,C.J. Williams,willicj01,SG,28,MIN,15,0,128,4.8,9.8,0.486,1.4,4.5,0.313,3.4,5.3,0.632,0,0.3,0,0.3,2,2.3,3.4,1.7,0,1.4,4.5,11
513,Johnathan Williams,willijo04,C,23,LAL,24,0,372,6.3,10.6,0.591,0,0.2,0,6.3,10.5,0.602,2.6,4.6,0.563,4.6,4.9,9.6,1.3,0.8,0.7,1.5,6,15.2
514,Kenrich Williams,willike04,SF,24,NOP,46,29,1079,3.6,9.3,0.384,1.7,5.2,0.333,1.8,4.1,0.447,0.4,0.6,0.684,1.8,5.5,7.3,2.8,1.5,0.6,1.2,3.2,9.3
515,Lou Williams,willilo02,SG,32,LAC,75,1,1993,8.7,20.6,0.425,1.9,5.3,0.361,6.8,15.3,0.447,7.7,8.8,0.876,0.7,3.3,4,7.3,1,0.2,3.3,1.4,27.1
516,Marvin Williams,willima02,PF,32,CHO,75,75,2133,4.6,11,0.422,2.4,6.4,0.366,2.3,4.6,0.5,1.1,1.5,0.767,1.3,5.6,6.9,1.6,1.2,1,0.8,2.6,12.8
517,Robert Williams,williro04,C,21,BOS,32,2,283,4.6,6.5,0.706,0,0,,4.6,6.5,0.706,1.1,1.9,0.6,3.4,6.9,10.3,0.9,1.1,5.1,1.3,4.6,10.3
518,Troy Williams,willitr02,SF,24,SAC,21,0,312,5.1,11.3,0.449,1.6,5.1,0.318,3.5,6.2,0.556,1,1.7,0.6,1.4,5.4,6.8,1.3,1.2,0.9,1,4.3,12.8
519,D.J. Wilson,wilsodj01,PF,22,MIL,48,3,882,4.2,10.2,0.414,1.9,5.2,0.362,2.4,5.1,0.468,1.1,1.9,0.553,1.8,7.2,9.1,2.1,0.7,0.8,1.3,3.5,11.4
520,Justise Winslow,winslju01,SF,22,MIA,66,52,1959,6,13.8,0.433,1.8,4.7,0.375,4.2,9.1,0.462,1.6,2.5,0.628,1.2,5.4,6.5,5.2,1.3,0.3,2.6,3.3,15.3
521,Christian Wood,woodch01,PF,23,TOT,21,2,251,8.7,16.8,0.521,1.3,3.7,0.346,7.5,13.1,0.571,5.9,8,0.732,2.4,9.5,11.9,1.1,1,1.4,2.4,2.4,24.7
522,Delon Wright,wrighde01,PG,26,TOT,75,13,1699,5.1,11.8,0.434,1.1,3.6,0.298,4.1,8.3,0.492,2.5,3.2,0.793,1.4,4.2,5.6,5.3,1.9,0.6,1.6,2.2,13.8
523,Guerschon Yabusele,yabusgu01,PF,23,BOS,41,1,251,5,11,0.455,1.3,4,0.321,3.7,7,0.531,2.2,3.2,0.682,3.3,4.3,7.6,2.2,1.1,1,2.2,4.6,13.5
524,Nick Young,youngni01,SG,33,DEN,4,0,37,2.9,8.8,0.333,2.9,7.8,0.375,0,1,0,0,0,,0,1,1,1.9,0,1,1.9,3.9,8.8
525,Thaddeus Young,youngth01,PF,30,IND,81,81,2489,6.4,12.2,0.527,0.7,2.1,0.349,5.7,10.1,0.564,1.3,2,0.644,2.8,4.8,7.6,3,1.8,0.5,1.8,2.8,14.8
526,Trae Young,youngtr01,PG,20,ATL,81,81,2503,7.6,18.1,0.418,2.2,6.9,0.324,5.3,11.1,0.477,4.9,6,0.829,0.9,3.4,4.3,9.4,1,0.2,4.4,2,22.3
527,Cody Zeller,zelleco01,C,26,CHO,49,47,1243,5.5,10,0.551,0.2,0.6,0.273,5.3,9.4,0.57,3.2,4.1,0.787,3.2,6.5,9.6,3,1.1,1.2,1.8,4.7,14.4
528,Tyler Zeller,zellety01,C,29,TOT,6,1,93,6.2,11.6,0.533,0,0.4,0,6.2,11.2,0.552,5.4,7,0.778,4.3,5,9.3,1.5,0.4,1.2,1.5,7.7,17.8
529,Ante Zizic,zizican01,C,22,CLE,59,25,1082,6.1,11,0.553,0,0,,6.1,11,0.553,3.1,4.4,0.705,3.6,7.1,10.6,1.8,0.4,0.7,2,3.8,15.3
530,Ivica Zubac,zubaciv01,C,21,TOT,59,37,1040,7.3,13.1,0.559,0,0,,7.3,13.1,0.559,3.5,4.4,0.802,4,8.6,12.5,2.2,0.5,1.8,2.4,4.7,18.2
